transport_kg,diet_kg,energy_kg,total_kg,recommendation
5.618101782710437,9.60571445127933,15.979909127171076,31.203725361160842,Install_Smart_Thermostat
8.979877262955549,3.248149123539492,7.33991780504304,19.567944191538082,Switch_to_Public_Transit
0.8712541825229919,8.92940916619948,14.016725176148132,23.817388524870605,Switch_to_LED_Bulbs
10.621088666940683,2.1646759543664196,19.548647782429917,32.33441240373702,Install_Smart_Thermostat
12.486639612006327,3.6987128854262092,7.727374508106509,23.912727005539047,Carpool_More
2.7510676478015075,4.433937943676302,12.871346474483568,20.056352065961377,Switch_to_LED_Bulbs
6.479175279631736,4.329833121584335,14.177793420835693,24.986801822051767,Switch_to_LED_Bulbs
2.0924079097806274,4.337157188281745,10.495427649405375,16.924992747467748,Switch_to_LED_Bulbs
6.841049763255539,8.281407691144109,7.995106732375396,23.11756418677504,General_Reduction
7.713516576204174,6.73931655089634,5.696756190799966,20.14958931790048,General_Reduction
9.113172778521575,3.3641929894983322,5.975773894779193,18.453139662799103,Switch_to_Public_Transit
14.233283058799998,9.725056264596475,17.125960221746915,41.08429954514339,Install_Smart_Thermostat
4.56920653760056,2.781376912051071,15.263495397682354,22.614078847333985,Install_Smart_Thermostat
6.602287406094019,2.9763058787582306,12.427653651669052,22.0062469365213,Switch_to_LED_Bulbs
0.5158278167282759,9.274563216630256,8.881699724000253,18.672090757358784,Meatless_Monday
9.93783426530973,4.493688608715288,12.801020317667163,27.23254319169218,Switch_to_LED_Bulbs
8.200654190149194,3.4788356442042163,19.54376941646838,31.22325925082179,Install_Smart_Thermostat
11.626992350416717,9.515991532513514,18.422410256414732,39.56539413934496,Install_Smart_Thermostat
8.968499682166277,9.374993880184935,6.327387530778792,24.670881093130006,General_Reduction
2.939742936287178,2.3618183112843045,9.879954961448966,15.18151620902045,Switch_to_LED_Bulbs
5.8301593453422305,4.170792254191167,17.43106263727894,27.43201423681234,Install_Smart_Thermostat
5.3512999004038395,4.247476077499046,13.140441247373728,22.73921722527661,Switch_to_LED_Bulbs
2.11386337462144,8.417575846032317,6.118259655196562,16.64969887585032,Meatless_Monday
14.80330404900776,8.17795815437326,7.980735223012586,30.96199742639361,Carpool_More
0.08283175685403599,8.523691427638674,15.602860157714257,24.20938334220697,Install_Smart_Thermostat
10.93510752061481,8.170162773487565,6.110669776011355,25.21594007011373,Carpool_More
5.376985928164089,2.9269524762010377,17.946551388133905,26.25048979249903,Install_Smart_Thermostat
9.349471902413368,4.6471841988211935,5.953375254290354,19.950031355524917,Switch_to_Public_Transit
4.664734825734933,4.601466576213976,15.94409267507096,25.210294077019867,Install_Smart_Thermostat
9.563362070328196,9.097701940610612,12.08322387742924,30.74428788836805,General_Reduction
1.7939136890745255,7.70595829778396,16.411775729253463,25.91164771611195,Install_Smart_Thermostat
8.419157963542444,8.167737439636488,12.40693394546586,28.993829348644795,Switch_to_LED_Bulbs
7.840992440729911,5.420328146868397,5.3812869011614275,18.642607488759737,Switch_to_Public_Transit
1.6183714048995668,2.251433485493874,14.546156168956706,18.415961059350145,Switch_to_LED_Bulbs
4.7153397161449,6.068565529317622,18.613497108891394,29.397402354353915,Install_Smart_Thermostat
3.739383437233124,5.283063384285038,16.33326707814573,25.355713899663893,Install_Smart_Thermostat
3.431972482374337,2.615839278630344,9.34627179370652,15.394083554711202,Switch_to_LED_Bulbs
2.4183193088100663,9.437581218740585,17.121805693466253,28.977706221016902,Install_Smart_Thermostat
9.501056347656352,8.971684721501742,17.055081153486718,35.527822222644815,Install_Smart_Thermostat
2.7985508832905377,9.140471987919822,13.09013362873476,25.02915649994512,Switch_to_LED_Bulbs
12.111602327460938,9.168730399387947,9.770052124577958,31.05038485142684,General_Reduction
1.6507788679151514,3.8234813003355335,11.406616829393844,16.880876997644528,Switch_to_LED_Bulbs
12.270221488837397,8.885844666050748,5.104281957967861,26.260348112856004,Carpool_More
7.661209538663486,5.339288025190232,8.331617157060954,21.33211472091467,General_Reduction
1.797980510005242,4.700921371229024,19.143645558687787,25.642547439922055,Install_Smart_Thermostat
4.848043980311329,6.150324973946929,15.545284383427667,26.543653337685924,Install_Smart_Thermostat
5.454444035689409,9.774256661767685,19.43670942413167,34.665410121588764,Install_Smart_Thermostat
3.7767344373804623,5.977988047139084,9.513174647251546,19.267897131771093,Switch_to_LED_Bulbs
4.272607415662014,2.2950955788362624,14.143465009698453,20.71116800419673,Switch_to_LED_Bulbs
7.540185348432923,2.411830009999915,9.179696963549173,19.13171232198201,Switch_to_LED_Bulbs
13.623988289499806,3.9164951253357794,7.173423081368346,24.713906496203933,Carpool_More
7.3417914041634456,9.885203632884807,8.630829072672507,25.85782410972076,General_Reduction
10.082033211088179,8.09295692262974,8.564563159885996,26.739553293603915,General_Reduction
10.923245229177894,4.942265061754026,14.484587458903691,30.350097749835612,Switch_to_LED_Bulbs
9.50294566141342,6.286197472598068,6.354346550816125,22.143489684827614,Switch_to_Public_Transit
12.52953743383857,4.566240519773887,7.797777655997813,24.893555609610267,Carpool_More
0.6116271233214587,6.7271435455059345,15.163465427634236,22.50223609646163,Install_Smart_Thermostat
0.24881743391784228,6.096744466394248,8.39743662796907,14.74299852828116,Buy_Local_Produce
9.677591856141747,3.3949314320399315,15.364066071536989,28.436589359718667,Install_Smart_Thermostat
5.801030194508061,9.493839909893875,7.062814162189898,22.357684266591836,Meatless_Monday
5.115995265753877,2.9077881699247126,18.87040427417844,26.89418770985703,Install_Smart_Thermostat
13.160090300714716,4.063533021721245,14.899760690512686,32.12338401294865,Carpool_More
12.258333003018237,6.441606492795699,12.944758675340097,31.644698171154033,Switch_to_LED_Bulbs
3.627784363506775,2.7448221424471937,18.458236369299904,24.83084287525387,Install_Smart_Thermostat
13.506270857449957,7.0648116581861435,10.08544686573051,30.65652938136661,Carpool_More
5.238143619189914,7.807645430961915,18.456653899288657,31.502442949440486,Install_Smart_Thermostat
13.30629636397676,8.239004366860991,14.630474692314316,36.17577542315207,Switch_to_LED_Bulbs
1.2620994749257326,3.29302971275691,18.478312827906187,23.03344201558883,Install_Smart_Thermostat
9.09643589489385,2.073576412933037,6.5220731429904815,17.69208545081737,Switch_to_Public_Transit
9.952526536620837,2.0404926707697495,7.4121207712624795,19.405139978653068,Switch_to_Public_Transit
8.231006840498791,7.535161581541546,14.779418892539008,30.545587314579343,Switch_to_LED_Bulbs
3.3640396419083967,7.697433770780287,8.558736312452002,19.620209725140686,Switch_to_LED_Bulbs
4.880995472389015,7.971931240944193,14.74449348570822,27.59742019904143,Switch_to_LED_Bulbs
12.73835115741267,7.260903138402747,13.524629050032074,33.52388334584749,Switch_to_LED_Bulbs
1.4051215174213871,4.941726424475468,8.978035515225882,15.324883457122738,Switch_to_LED_Bulbs
3.659844650686254,9.784084438019566,10.896465870001407,24.340394958707225,Meatless_Monday
13.380698327656699,7.049109007978103,16.922169553124725,37.35197688875952,Install_Smart_Thermostat
7.539556396577882,6.615231077010873,12.38776540728296,26.542552880871714,Switch_to_LED_Bulbs
2.9286448169706674,7.779616922092043,9.211585436612836,19.919847175675546,Switch_to_LED_Bulbs
0.3647394964718076,7.1637783672573425,7.656660191105734,15.185178054834886,Buy_Local_Produce
14.106878765293715,9.631428616020699,18.72296585330673,42.461273234621146,Install_Smart_Thermostat
5.552380503831666,2.1236529322309394,18.92477843881588,26.600811874878488,Install_Smart_Thermostat
6.422762224759715,9.733238552349356,19.45429965633879,35.61030043344786,Install_Smart_Thermostat
12.795141832010401,4.3555911365566855,10.776465929028879,27.927198897595964,Carpool_More
12.767050072752854,4.535376041250221,7.542391200291387,24.844817314294463,Carpool_More
8.352018936875252,9.489238193286248,15.440446950124596,33.2817040802861,Install_Smart_Thermostat
8.550917551340474,2.7774119501661483,14.225108400487546,25.55343790199417,Switch_to_LED_Bulbs
14.850807751563949,3.1206721218921922,12.77494478545605,30.74642465891219,Carpool_More
13.160596078919331,7.9261489420336355,15.45523611492902,36.54198113588199,Install_Smart_Thermostat
10.53726125980664,4.875929209758041,9.4038776639674,24.817068133532082,Carpool_More
12.140417332177705,8.480907157433446,18.006084778701556,38.627409268312704,Install_Smart_Thermostat
13.698608288347069,6.090739190887502,12.522744420307994,32.312091899542565,Carpool_More
11.974427684501627,7.199711446222121,15.52950315886555,34.7036422895893,Install_Smart_Thermostat
11.936890041541515,9.12004273454053,10.069927352773037,31.12686012885508,General_Reduction
5.63374428959916,2.751855518726952,13.67420211494261,22.059801923268722,Switch_to_LED_Bulbs
0.5391341069511313,5.724784145059681,13.13966952061365,19.403587772624462,Switch_to_LED_Bulbs
4.298118781924266,6.726666084552086,5.457503749085742,16.482288615562094,Buy_Local_Produce
0.5602228312382163,8.580804485277266,10.402859621168943,19.543886937684427,Meatless_Monday
1.9059076897782719,6.177946080438435,16.54990329647916,24.633757066695868,Install_Smart_Thermostat
3.2373154124526478,6.983123806552002,6.2802119749065195,16.500651193911168,Buy_Local_Produce
0.7752258175291155,6.250837052545184,13.109526824151597,20.135589694225896,Switch_to_LED_Bulbs
9.561448522473098,7.808730669781292,19.637781191938018,37.00796038419241,Install_Smart_Thermostat
7.74450522451793,4.583651783529968,16.927792921530553,29.25594992957845,Install_Smart_Thermostat
4.062483768931113,5.511771365645089,6.17684572013399,15.751100854710192,General_Reduction
0.38026115123186266,9.7011873174234,17.539701807683088,27.62115027633835,Install_Smart_Thermostat
10.43961309140547,5.271623555314159,7.599414801062687,23.310651447782316,Carpool_More
2.3465556400662906,4.001943185316763,13.238399970591807,19.58689879597486,Switch_to_LED_Bulbs
10.718938840500934,7.28157901374185,9.199008454189142,27.199526308431928,General_Reduction
14.322979209947912,7.903175333566148,13.31531078767101,35.541465331185066,Carpool_More
9.175811193515283,5.356800499422319,8.715964842517362,23.248576535454966,General_Reduction
5.339590179768924,8.062768883714952,5.2159023294463385,18.618261392930215,Meatless_Monday
1.7410896076037434,2.368021136174022,5.610932034784552,9.720042778562318,Switch_to_LED_Bulbs
12.831908760165108,7.629262875040189,12.112607436309878,32.573779071515176,General_Reduction
1.467512409765022,5.932927000934659,12.102076561708486,19.50251597240817,Switch_to_LED_Bulbs
2.5980280486502276,5.470813193903784,10.977571015960603,19.046412258514614,Switch_to_LED_Bulbs
9.237751470783246,7.08074920694115,5.679560146580668,21.998060824305064,Switch_to_Public_Transit
5.619189219397068,7.006879325713891,12.547043878701317,25.173112423812277,Switch_to_LED_Bulbs
12.847347617824834,7.26954905295156,7.444016406221445,27.560913076997842,Carpool_More
1.0585312110064478,7.139354225650525,5.397669658124327,13.5955550947813,Buy_Local_Produce
8.78663371910195,9.52184193139966,13.632112668138184,31.940588318639794,Switch_to_LED_Bulbs
5.822548893097829,7.146305747538825,11.87379335737275,24.842647998009404,Switch_to_LED_Bulbs
8.184251839739025,9.531718470212201,10.791539567011615,28.50750987696284,General_Reduction
14.417858457358713,9.24280513564851,7.936867021839447,31.59753061484667,Carpool_More
1.0404195131274818,2.806224011019413,5.273327384773246,9.119970908920141,Switch_to_LED_Bulbs
1.4166444113389258,7.464054187330855,6.067829726903435,14.948528325573216,Buy_Local_Produce
4.78463445440642,8.759002487755637,5.349079036037388,18.892715978199444,Meatless_Monday
12.217027238834037,4.254838198187199,6.772472414324843,23.24433785134608,Carpool_More
10.451057480462259,7.031542774239072,18.162080202905795,35.64468045760712,Install_Smart_Thermostat
11.026065657058286,8.42784744307879,9.230518588569598,28.684431688706674,General_Reduction
2.6615931566958424,8.004918013126867,17.10252108900896,27.76903225883167,Install_Smart_Thermostat
14.8575771300101,5.300941415291412,10.580271286891747,30.73878983219326,Carpool_More
11.646194411129953,4.726428322024143,18.961359884053472,35.33398261720757,Install_Smart_Thermostat
12.876191277645177,5.431952219000147,16.26306601687246,34.571209513517786,Install_Smart_Thermostat
11.318143111270235,2.824990950687461,18.538293600193498,32.681427662151194,Install_Smart_Thermostat
7.578785586717857,8.611659728861934,9.800744015459177,25.991189331038967,General_Reduction
13.432848427443007,5.113613429873305,5.162564772204475,23.70902662952079,Carpool_More
13.580729646288955,2.7302934142890685,9.789704563856223,26.100727624434246,Carpool_More
14.250929505762073,9.604857175500449,13.601568321849292,37.457355003111815,General_Reduction
9.47755818254699,5.587564175826558,9.398161575470969,24.463283933844515,General_Reduction
4.929968180548739,7.380147648616307,16.2856179415652,28.595733770730245,Install_Smart_Thermostat
11.873685655887728,8.316945142356431,6.368091545730356,26.558722343974512,Carpool_More
7.416304570538722,2.4604700801331543,13.242933234856032,23.11970788552791,Switch_to_LED_Bulbs
6.6229575206006555,9.101633462066399,10.26372518828118,25.988316170948234,General_Reduction
1.7560052464140878,3.143933456422687,16.42265947576208,21.322598178598856,Install_Smart_Thermostat
9.273270949743916,2.808981408982322,6.261602091724962,18.343854450451197,Switch_to_Public_Transit
10.5145369718868,2.582104050913548,17.32790088935534,30.42454191215569,Install_Smart_Thermostat
10.593633407347443,2.650790245135198,6.2725657112778785,19.51698936376052,Carpool_More
14.799593677517631,4.994166366048963,10.559632206003364,30.353392249569957,Carpool_More
12.191993508862538,9.577988619070869,19.790015957343066,41.559998085276476,Install_Smart_Thermostat
11.300672778884124,5.010076684247326,6.252510750480031,22.563260213611482,Carpool_More
11.657203738911551,6.46723399788644,11.363330138704644,29.487767875502637,General_Reduction
13.595315776421039,2.8895798584492107,12.389376564362887,28.874272199233136,Carpool_More
0.17030467151128603,5.74928513595301,5.8445491352275605,11.764138942691858,Buy_Local_Produce
1.7822687440210787,2.940209974216839,14.738154531740953,19.46063324997887,Switch_to_LED_Bulbs
11.19067318898135,6.666950120777277,19.43258822711813,37.290211536876754,Install_Smart_Thermostat
5.623058692855561,4.285696690254886,18.028986922841902,27.937742305952348,Install_Smart_Thermostat
3.3539375777917897,9.70578031552489,5.182317120347245,18.242035013663926,Meatless_Monday
14.548182400614586,2.345279295604609,18.367146705471065,35.26060840169026,Carpool_More
7.915516636294498,9.943718368954404,6.106948471030983,23.966183476279884,Meatless_Monday
8.307814266019811,9.754420284952792,12.846467662552232,30.908702213524837,Switch_to_LED_Bulbs
9.440979572028938,7.565989511876937,11.818115971516598,28.825085055422473,Switch_to_LED_Bulbs
9.41337120126095,6.674514495384802,18.517370157364837,34.60525585401059,Install_Smart_Thermostat
0.6816957051218681,4.247705516737843,19.25617226114838,24.18557348300809,Install_Smart_Thermostat
13.353956758363745,5.6452540222857035,14.301988967023052,33.3011997476725,Carpool_More
4.16071774471699,3.5049692777900905,11.955476074099732,19.621163096606814,Switch_to_LED_Bulbs
5.300283420390793,6.669248894806977,6.166019554474772,18.13555186967254,General_Reduction
14.615922114992497,9.889685955836823,15.472425710296177,39.9780337811255,General_Reduction
8.041445495161806,4.476220930290622,17.20692529560423,29.724591721056658,Install_Smart_Thermostat
10.270967588308189,3.3009355147591304,18.663907767407636,32.23581087047496,Install_Smart_Thermostat
12.338058643847535,9.598399306335391,15.885792625825399,37.82225057600833,Install_Smart_Thermostat
9.201227939036848,5.345944290324951,18.9909272503102,33.538099479672,Install_Smart_Thermostat
12.990958342506126,2.3617493608495153,5.39550461745878,20.74821232081442,Carpool_More
5.646950503170744,8.484426646254663,19.809141939724167,33.940519089149575,Install_Smart_Thermostat
2.2562533665529227,6.753045722817081,10.713362849465323,19.722661938835326,Switch_to_LED_Bulbs
14.548715967219048,8.73695138508567,17.574930570667068,40.860597922971785,Install_Smart_Thermostat
7.030397396924554,5.318556018701321,9.101106078960594,21.45005949458647,Switch_to_LED_Bulbs
0.8456324497639067,8.917779010040427,17.193515136951163,26.956926596755494,Install_Smart_Thermostat
14.995765099291958,9.973094696591243,13.331475584039412,38.300335379922615,General_Reduction
11.534811227707657,9.558125839059425,17.74471086016117,38.837647926928256,Install_Smart_Thermostat
3.710221526147965,5.604353082480748,6.937391227272425,16.25196583590114,Switch_to_LED_Bulbs
14.310765408880835,6.84939707560704,8.42964208255194,29.589804567039817,Carpool_More
10.075510266087852,6.945025923663167,10.372440770492608,27.39297696024363,General_Reduction
1.7033638829944353,7.372585564742397,12.8046155135569,21.880564961293732,Switch_to_LED_Bulbs
11.58477587603459,6.161308008895947,17.7827225047781,35.528806389708635,Install_Smart_Thermostat
8.278602581617283,6.48750377228309,18.149804039875175,32.91591039377555,Install_Smart_Thermostat
6.052242993185955,3.072121827605126,5.431740144700084,14.556104965491166,Switch_to_Public_Transit
11.327058835104285,6.962476410827717,15.561196521488354,33.850731767420356,Install_Smart_Thermostat
3.194462422633661,3.090971804694158,5.218169985018229,11.503604212346048,Switch_to_LED_Bulbs
5.258813382098955,6.719341494837065,10.883660676495985,22.861815553432006,Switch_to_LED_Bulbs
6.562123830355936,9.233269555949988,10.223832005349506,26.019225391655432,General_Reduction
7.709842337397162,8.269224101929144,10.948141734819053,26.92720817414536,Switch_to_LED_Bulbs
9.331300503418102,8.89890966997396,19.242809354864633,37.4730195282567,Install_Smart_Thermostat
2.2061022139355693,9.412701001291955,12.381744396193072,24.000547611420597,Switch_to_LED_Bulbs
3.8736658244843754,5.6730860499060904,19.700488629282155,29.24724050367262,Install_Smart_Thermostat
7.389271409893044,4.630012882300066,14.501012814750887,26.520297106943996,Switch_to_LED_Bulbs
3.602184281672896,2.6069066248693114,6.933195828659739,13.142286735201946,Switch_to_LED_Bulbs
1.9206875843665867,3.215221548098355,7.082407589741152,12.218316722206094,Switch_to_LED_Bulbs
9.613121172048219,3.4550406751931586,10.185009249857949,23.253171097099326,Switch_to_Public_Transit
13.451826148590177,5.791693122102979,15.013366077815407,34.25688534850856,Install_Smart_Thermostat
2.5847980680244476,3.538312150469366,5.6130292439971825,11.736139462490996,Switch_to_LED_Bulbs
2.534025946082468,4.228722712255669,7.655157264151202,14.41790592248934,Switch_to_LED_Bulbs
1.3305380063558343,2.9650869688048065,11.911681520490887,16.20730649565153,Switch_to_LED_Bulbs
3.0950057760868876,4.914158888384604,12.551259062822854,20.560423727294346,Switch_to_LED_Bulbs
10.35592242944048,2.3144971187287915,16.99115598363564,29.66157553180491,Install_Smart_Thermostat
9.418505842363617,2.6540722555909753,18.103679361601657,30.176257459556247,Install_Smart_Thermostat
13.813086007977198,2.48862367883891,9.153164722208055,25.454874409024164,Carpool_More
12.09301919689592,7.986077523069267,7.76781529034566,27.846912010310845,Carpool_More
3.1402398500506545,4.963776822331056,12.26784477786532,20.37186145024703,Switch_to_LED_Bulbs
9.27382157295444,4.951309116558179,11.938020741997217,26.163151431509835,Switch_to_LED_Bulbs
11.212064072006347,2.293465623124783,8.786554165160311,22.29208386029144,Carpool_More
10.700243788268287,9.161654701497595,12.67516163173499,32.53706012150087,General_Reduction
7.981702278979735,2.8573760907182084,11.71118550235182,22.55026387204976,Switch_to_LED_Bulbs
7.989258996825347,3.9397640290778373,9.038648464240715,20.9676714901439,Switch_to_LED_Bulbs
5.65926244656934,2.160569582221811,9.831187483747675,17.651019512538824,Switch_to_LED_Bulbs
3.17172010494817,4.619978817423317,6.796431977288768,14.588130899660255,Switch_to_LED_Bulbs
13.357909211098423,6.748739628432389,15.186534787167345,35.29318362669816,Install_Smart_Thermostat
11.837568579110075,5.987537591432458,6.303804321311356,24.128910491853887,Carpool_More
8.056598127278217,6.694728944167033,16.18159211276495,30.9329191842102,Install_Smart_Thermostat
6.474893193445191,3.02064242236451,9.256638586980866,18.752174202790567,Switch_to_LED_Bulbs
5.446234445979527,7.16733793065281,13.561674570033679,26.175246946666014,Switch_to_LED_Bulbs
5.341450888467694,9.892121990343838,14.086622290353308,29.32019516916484,Switch_to_LED_Bulbs
3.558401876039917,2.81425978096323,7.2928870877649805,13.665548744768127,Switch_to_LED_Bulbs
3.689365925767622,3.2854509860764454,7.798505360769586,14.773322272613655,Switch_to_LED_Bulbs
4.276427530407706,3.3869887623580386,18.451481369396376,26.11489766216212,Install_Smart_Thermostat
1.2035061849246331,6.196091116562037,11.155952404844923,18.555549706331593,Switch_to_LED_Bulbs
14.735679253629096,2.8963112173444188,10.967833985686124,28.599824456659636,Carpool_More
14.542056499130533,8.924057007151841,17.256081064239197,40.72219457052157,Install_Smart_Thermostat
3.8685424056740976,3.3671006991205266,15.029648298866466,22.265291403661088,Install_Smart_Thermostat
13.940639836913787,6.454103144111438,13.574190342048498,33.96893332307372,Carpool_More
4.199686404904263,8.155943465535495,7.80565622836285,20.16128609880261,Meatless_Monday
4.855188546063655,5.403491508931334,12.614155680266826,22.872835735261816,Switch_to_LED_Bulbs
3.6361459862262038,2.9186945979136283,14.159300636624488,20.71414122076432,Switch_to_LED_Bulbs
4.329458298603837,6.649905771380898,7.315440729113035,18.29480479909777,General_Reduction
7.217101527822262,6.260715460412687,5.777353052336403,19.25517004057135,General_Reduction
5.049064172908809,3.075317415511794,5.950624557091516,14.07500614551212,Switch_to_LED_Bulbs
14.849403485849178,4.578830759797784,17.148116687819524,36.576350933466486,Carpool_More
3.8196098214564578,7.452021777791434,16.403417898345296,27.675049497593186,Install_Smart_Thermostat
8.934581109117664,5.772609508401267,11.177613712209027,25.884804329727956,Switch_to_LED_Bulbs
5.23302399814493,9.436233153982606,17.459291116815937,32.128548268943476,Install_Smart_Thermostat
14.475403659997689,2.994377787884358,15.963012128054665,33.432793575936714,Carpool_More
14.075106852315567,3.449864529325281,5.997444010501662,23.522415392142513,Carpool_More
11.116809739350886,6.595784905439295,17.62743165137408,35.34002629616426,Install_Smart_Thermostat
2.0965856493943424,8.362138494879122,8.024409800716167,18.483133944989632,Meatless_Monday
2.4548391429855676,3.3141263834479435,17.21862080347073,22.987586329904243,Install_Smart_Thermostat
9.977958310443002,6.184523398152955,10.382457261852537,26.54493897044849,General_Reduction
13.158008112196624,5.139560859381083,17.248991592073658,35.54656056365137,Install_Smart_Thermostat
6.587023628553276,5.015555435399261,11.940196785044098,23.542775848996634,Switch_to_LED_Bulbs
4.520668112462131,7.980875041410009,12.540805851387187,25.042349005259325,Switch_to_LED_Bulbs
3.48319042720226,9.196596586196549,10.758368320598171,23.43815533399698,Switch_to_LED_Bulbs
8.153292916709828,9.251776887716375,14.363569938709881,31.768639743136085,Switch_to_LED_Bulbs
1.753470610625461,9.5186569889078,14.415620796071268,25.68774839560453,Switch_to_LED_Bulbs
5.023584219856292,3.114176581307098,16.91037783905444,25.04813864021783,Install_Smart_Thermostat
9.301091338927703,6.267688735810572,18.408388745764363,33.97716882050264,Install_Smart_Thermostat
11.828958168367961,3.2133990378620094,9.675831016933223,24.718188223163196,Carpool_More
3.727337097216986,7.951570340581416,5.502986521036691,17.18189395883509,Buy_Local_Produce
8.548345273069748,8.099669485925524,18.151484551426243,34.79949931042152,Install_Smart_Thermostat
5.131226230738612,8.570058437376103,6.659476054328108,20.360760722442823,Meatless_Monday
12.696784376017773,3.0199092986558593,10.959309358405509,26.67600303307914,Carpool_More
11.959430486693304,3.1993394187901902,8.438770928489623,23.597540833973117,Carpool_More
10.833788525895994,7.760292292368595,14.617214493279459,33.21129531154405,Switch_to_LED_Bulbs
10.4092266670065,6.341795546780769,8.776985883604292,25.528008097391563,Carpool_More
5.185439902558792,3.4527817344114053,18.626758420004425,27.264980056974622,Install_Smart_Thermostat
8.750876921491807,5.206811334109119,11.930087054661989,25.887775310262917,Switch_to_LED_Bulbs
14.20925009417723,3.2268112249286416,13.793447480251958,31.22950879935783,Carpool_More
7.58833018326699,6.891633883477183,5.271652757312608,19.751616824056782,General_Reduction
13.081858634162272,9.4569462598689,13.476997753838134,36.01580264786931,General_Reduction
10.449762358153384,9.379995049418365,15.60857951470098,35.438336922272725,Install_Smart_Thermostat
2.28808564371392,6.610306881334505,14.100725695742838,22.999118220791264,Switch_to_LED_Bulbs
6.36196006953579,7.891553884997783,19.01550522153522,33.269019176068795,Install_Smart_Thermostat
13.883527693601645,5.606714971233057,6.698570687611329,26.188813352446033,Carpool_More
14.77261798443502,8.711184691567473,6.869940218049003,30.353742894051493,Carpool_More
13.812628239260585,8.959170896497026,12.78257085689108,35.55436999264869,General_Reduction
8.869131536173938,5.192021630961042,5.82142458233047,19.88257774946545,Switch_to_Public_Transit
5.027958624688514,8.422827588784092,5.069480345069043,18.52026655854165,Meatless_Monday
5.002487575367162,5.1853495487275465,13.060934044068842,23.24877116816355,Switch_to_LED_Bulbs
13.797834246191407,4.77076795492769,10.204298028443414,28.772900229562513,Carpool_More
11.062518721646226,5.617743527118457,8.36907234409973,25.04933459286441,Carpool_More
6.786592741990401,3.126856163038399,7.64580479759335,17.55925370262215,Switch_to_LED_Bulbs
7.475516591092196,5.351403596036383,18.7226885160215,31.549608703150078,Install_Smart_Thermostat
5.435908486749497,6.644706802224348,14.483964318792955,26.564579607766802,Switch_to_LED_Bulbs
0.19641684882500454,7.308298976133685,7.670539503046271,15.17525532800496,Buy_Local_Produce
14.416054762041828,3.1893018220249036,11.219361855905355,28.824718439972088,Carpool_More
1.2802450211796579,9.974994014767578,12.532925154968638,23.78816419091587,Meatless_Monday
8.930775259800656,2.53661181910742,16.249407055987668,27.716794134895743,Install_Smart_Thermostat
3.1485838964337862,9.18443431552571,8.077094607230109,20.410112819189607,Meatless_Monday
2.8603158099549986,2.292397342784759,12.081004176649989,17.233717329389748,Switch_to_LED_Bulbs
8.472616998939246,2.525669115426819,16.63291425042516,27.631200364791226,Install_Smart_Thermostat
6.799332521220414,6.19512215462064,11.611441204073422,24.605895879914478,Switch_to_LED_Bulbs
6.01144591312989,6.477122650465743,7.328603688960688,19.817172252556322,General_Reduction
2.728921957429067,8.894284968108138,19.19173193200449,30.814938857541698,Install_Smart_Thermostat
5.599639744196294,4.16595738514843,14.659993148585237,24.42559027792996,Switch_to_LED_Bulbs
6.131012566471446,2.203090845282759,7.342288960492855,15.67639237224706,Switch_to_LED_Bulbs
10.739583432710964,7.271391535281211,5.406439887552253,23.41741485554443,Carpool_More
3.3295824289942417,3.848598372704571,15.078391153980926,22.25657195567974,Install_Smart_Thermostat
0.2956580663154623,2.8328686558765908,16.99874128059784,20.127268002789894,Install_Smart_Thermostat
2.678169930815004,7.221968862814998,8.572741715700898,18.4728805093309,Switch_to_LED_Bulbs
1.4916208913901774,3.9453775279956327,15.834003977834888,21.2710023972207,Install_Smart_Thermostat
12.835447021594286,8.641758916535933,10.957752944276823,32.434958882407045,General_Reduction
10.021277048559693,3.6398743633265678,9.397215953915198,23.05836736580146,Carpool_More
13.445037277816796,2.1040153880858883,6.282627962817021,21.831680628719706,Carpool_More
3.11829382719041,2.2122576309905577,7.7215315263469595,13.052082984527928,Switch_to_LED_Bulbs
8.745623414545383,5.371396404739984,18.390075666154623,32.50709548543999,Install_Smart_Thermostat
12.261653426076613,4.734538813583008,8.891351501469387,25.887543741129008,Carpool_More
5.695386122509004,6.722359540118462,9.020954612343143,21.438700274970607,Switch_to_LED_Bulbs
9.36223361773701,5.275293217529923,13.280707712779703,27.918234548046634,Switch_to_LED_Bulbs
6.54189793702975,4.355726076335341,19.22679960443235,30.124423617797444,Install_Smart_Thermostat
11.454086912396413,3.1209054061316204,18.027019638468694,32.602011956996726,Install_Smart_Thermostat
7.311467973742705,9.156417815152732,16.997828839209728,33.46571462810516,Install_Smart_Thermostat
6.378202567038501,2.179754466560939,9.030160390774192,17.588117424373632,Switch_to_LED_Bulbs
8.124513219913004,7.067825758609178,8.868315281498035,24.060654260020215,General_Reduction
2.090341111092362,8.679441894394394,19.766032710553283,30.53581571604004,Install_Smart_Thermostat
7.885352734540287,3.373434286786428,9.084609897790534,20.343396919117247,Switch_to_LED_Bulbs
0.275860148212001,9.314390452483991,6.766266243352117,16.35651684404811,Meatless_Monday
8.647747132713803,4.192441765497648,13.3126700377369,26.152858935948352,Switch_to_LED_Bulbs
9.771305825277963,8.637934429657612,8.09631907640905,26.505559331344624,General_Reduction
0.16493742987720716,3.095085040550458,18.500279627721575,21.76030209814924,Install_Smart_Thermostat
13.108351163437728,6.779304817362466,14.0077529065048,33.895408887304995,Switch_to_LED_Bulbs
9.975550118193832,3.4029702289875967,18.7161791888744,32.09469953605583,Install_Smart_Thermostat
6.281557873381097,5.06510822599598,12.783765579242562,24.130431678619637,Switch_to_LED_Bulbs
0.7044895016258257,3.3302669500486353,16.070504246395558,20.10526069807002,Install_Smart_Thermostat
1.241980018876897,6.825216875731106,8.680236645219814,16.747433539827817,Buy_Local_Produce
5.839434210629648,4.309549894165599,10.335090746974238,20.484074851769485,Switch_to_LED_Bulbs
10.785688577763683,4.3769737249854,13.496069604453458,28.658731907202544,Switch_to_LED_Bulbs
7.140756032986495,7.309369322901185,19.05244608987137,33.50257144575905,Install_Smart_Thermostat
10.988581458153755,3.719523028726054,5.46774702591927,20.175851512799078,Carpool_More
3.933960664497376,6.760623445602039,5.771387202263755,16.46597131236317,Buy_Local_Produce
7.445493708018545,6.774742791335114,10.013658362254413,24.23389486160807,Switch_to_LED_Bulbs
11.56368305618733,2.8527860250701744,6.127066726037132,20.543535807294635,Carpool_More
10.92283134305405,5.963930529649588,15.32603594641604,32.21279781911968,Install_Smart_Thermostat
6.522410079056193,3.9712162659128545,17.286534765112997,27.780161110082044,Install_Smart_Thermostat
11.991238184534689,7.557571766835414,9.08217705844944,28.630987009819542,Carpool_More
8.853460003036307,4.887791175520214,6.373731099899512,20.114982278456033,Switch_to_Public_Transit
13.759703631933641,3.0945490473516912,19.253560307312036,36.10781298659737,Install_Smart_Thermostat
6.690086594369336,3.481063430708957,13.128514210675371,23.299664235753667,Switch_to_LED_Bulbs
13.094187538146125,7.8577990912764895,17.098417217921746,38.050403847344356,Install_Smart_Thermostat
9.881750500660761,7.53821251614282,17.73793477347979,35.15789779028337,Install_Smart_Thermostat
3.745020132887789,5.915399709145124,8.318141627294033,17.978561469326944,Switch_to_LED_Bulbs
14.815020119949706,9.552474717492906,5.591402170527589,29.9588970079702,Carpool_More
10.583627587735327,9.401986539325327,7.7086301769100025,27.694244303970656,General_Reduction
8.519178458289442,9.323906380704335,5.509189678786982,23.352274517780756,General_Reduction
10.461304008702598,4.378792058980406,18.865942930647954,33.70603899833095,Install_Smart_Thermostat
14.565873677480516,9.554131912907472,12.113213249861957,36.23321884024995,Carpool_More
12.930639764839702,8.756395188280564,9.786507098648833,31.4735420517691,Carpool_More
12.43373211226016,2.296061077723941,13.944048177230796,28.673841367214898,Carpool_More
3.450132559315546,2.9645350862182305,6.154298024438138,12.568965669971913,Switch_to_LED_Bulbs
10.444331638172097,4.718999710144529,15.871501572931422,31.034832921248046,Install_Smart_Thermostat
0.9803451119841355,4.522322702644883,13.092369385630057,18.595037200259075,Switch_to_LED_Bulbs
11.860847472584453,4.550020023456559,14.388370646555137,30.799238142596153,Switch_to_LED_Bulbs
13.289666223542808,6.9269055054584365,8.494392121304507,28.710963850305752,Carpool_More
0.3660117233480703,8.960790991207439,5.319041162755807,14.645843877311316,Meatless_Monday
13.12052509026299,6.231497072217696,19.086015477693444,38.43803764017413,Install_Smart_Thermostat
11.98174853660498,9.9834728842667,10.260677231775652,32.22589865264733,General_Reduction
11.507824333966903,5.215447308873937,12.198134304558632,28.921405947399474,Switch_to_LED_Bulbs
9.412581948275552,8.989416913490711,19.76125203798943,38.163250899755695,Install_Smart_Thermostat
11.524101207967773,5.34213425733867,11.320355034156051,28.186590499462493,Carpool_More
11.063734523833372,3.9102171661464187,6.65711169697092,21.63106338695071,Carpool_More
5.319332364611648,4.297911933232654,9.444621806839852,19.061866104684153,Switch_to_LED_Bulbs
3.504116265748649,2.336745517090895,5.268109021001207,11.108970803840752,Switch_to_LED_Bulbs
14.815835846040473,5.422185069886899,10.764899707395225,31.002920623322595,Carpool_More
10.194709240396048,3.7460311029205133,19.24941775925338,33.19015810256994,Install_Smart_Thermostat
11.79517521623328,2.715288018498076,11.263711636773925,25.77417487150528,Carpool_More
13.18677461343247,9.557856178331281,12.011022668748046,34.7556534605118,General_Reduction
9.201170838160616,3.336271568736602,19.86752939205465,32.40497179895186,Install_Smart_Thermostat
3.475075520751651,9.541854193081004,14.744699734885527,27.761629448718182,Switch_to_LED_Bulbs
9.116051923182887,6.101508088132069,8.46004717576638,23.677607187081335,General_Reduction
2.647920480082624,3.763889672561403,7.796573932163818,14.208384084807843,Switch_to_LED_Bulbs
11.6937671035013,4.801002073333841,5.8676401484509455,22.362409325286087,Carpool_More
14.53653945211217,9.070287079707406,18.916284247928196,42.52311077974777,Install_Smart_Thermostat
14.923617339696529,3.3911619937558983,10.943630283539882,29.25840961699231,Carpool_More
11.37357713556137,7.568164944430338,7.308438595097826,26.25018067508953,Carpool_More
12.237496874859266,3.7955245746932853,8.357264222339346,24.390285671891895,Carpool_More
8.054616343401204,6.743519478733625,13.701293117567168,28.499428939701996,Switch_to_LED_Bulbs
1.372302560966323,9.019686901043043,8.98400063883059,19.375990100839957,Meatless_Monday
1.9427238192420626,9.109984638951818,19.3347724734463,30.38748093164018,Install_Smart_Thermostat
12.93191425898176,8.476128597799025,14.828629709585325,36.23667256636611,Switch_to_LED_Bulbs
8.26286055913709,2.695894079291281,11.12679819606048,22.08555283448885,Switch_to_LED_Bulbs
5.59032775518471,4.07803027008261,15.851301705328774,25.519659730596096,Install_Smart_Thermostat
7.438136026181562,2.6483697272611835,8.30274802924717,18.389253782689913,Switch_to_Public_Transit
10.248881454893938,2.6090468759224015,17.76810371073153,30.62603204154787,Install_Smart_Thermostat
7.427197905209615,5.844692618613184,13.886116769892764,27.158007293715563,Switch_to_LED_Bulbs
12.370214488877238,4.782473663217544,15.170242288385953,32.32293044048073,Install_Smart_Thermostat
8.485979459936866,4.136226161355371,18.179449795327372,30.80165541661961,Install_Smart_Thermostat
11.961390324103922,7.267614677267404,17.75872593641363,36.98773093778496,Install_Smart_Thermostat
13.009413014397035,7.666903813720278,17.55519992545508,38.23151675357239,Install_Smart_Thermostat
10.462071925039254,7.441126174082403,14.279170673227764,32.18236877234942,Switch_to_LED_Bulbs
11.290749593364618,3.2688408423445896,18.213061387983927,32.77265182369314,Install_Smart_Thermostat
13.07765291617848,2.233978264276473,17.38725125847144,32.69888243892639,Install_Smart_Thermostat
1.933048012101678,4.680950834073135,16.152623844374116,22.766622690548928,Install_Smart_Thermostat
2.411398440724623,8.543736192952498,17.482012669366128,28.437147303043247,Install_Smart_Thermostat
7.612016006412543,2.0510869737346686,9.30557199762369,18.968674977770903,Switch_to_Public_Transit
9.253903775636132,9.849489424219389,14.477202905250026,33.58059610510555,Switch_to_LED_Bulbs
3.897053715962397,7.072045624796891,13.099780695737833,24.06888003649712,Switch_to_LED_Bulbs
11.697680927267154,2.8558451106156673,16.41541853753042,30.968944575413243,Install_Smart_Thermostat
8.118998680141654,9.703936030871958,10.12808249058029,27.951017201593903,General_Reduction
9.489328397009222,9.45622484408014,6.537645919860189,25.483199160949553,General_Reduction
14.058427308546767,7.503085778406507,6.017555886577579,27.579068973530852,Carpool_More
4.514453504202244,7.665376709162253,6.010259022031575,18.190089235396073,Buy_Local_Produce
8.732556902644099,4.767064455623654,14.313732766512157,27.81335412477991,Switch_to_LED_Bulbs
0.6861305071876928,8.97229444921901,19.60233453766095,29.260759494067656,Install_Smart_Thermostat
14.533167829285372,7.997214653943398,6.951293601959479,29.481676085188248,Carpool_More
11.37394793893534,2.196695331670412,5.331853272934959,18.90249654354071,Carpool_More
4.854153287243118,5.909145523237326,16.556111267116897,27.31941007759734,Install_Smart_Thermostat
10.249430649097578,5.567221651013987,9.104399994224988,24.92105229433655,Carpool_More
14.956867502365668,5.409450417887784,11.770805364945133,32.137123285198584,Carpool_More
2.4543573178750377,8.358476389999435,15.40523338672233,26.218067094596805,Install_Smart_Thermostat
3.311544191831406,2.6590483649267416,15.207489531120697,21.178082087878842,Install_Smart_Thermostat
9.81766821421703,4.186076215985675,19.262953433756156,33.26669786395886,Install_Smart_Thermostat
2.2658683767135033,5.458678408340815,19.154238802513984,26.878785587568302,Install_Smart_Thermostat
6.295909753891834,7.108207581312684,10.963915969441913,24.36803330464643,Switch_to_LED_Bulbs
4.11322803523005,9.871821183678627,11.140010094725646,25.125059313634324,Switch_to_LED_Bulbs
13.411488055187016,3.8396368471286895,8.19657056037625,25.447695462691954,Carpool_More
0.4670112432676704,7.21333460300708,10.527895155856417,18.208241002131167,Switch_to_LED_Bulbs
12.965373747594557,5.785679253532457,19.522901418720828,38.27395441984784,Install_Smart_Thermostat
2.782882735546817,8.948985343644885,16.648952791876127,28.38082087106783,Install_Smart_Thermostat
11.56382766966078,8.758265824935101,16.415359864144982,36.737453358740865,Install_Smart_Thermostat
9.393304824471231,3.0499590214591006,5.487892692368779,17.93115653829911,Switch_to_Public_Transit
13.812717717235303,6.933202516165904,16.948059364642646,37.69397959804385,Install_Smart_Thermostat
7.222835272688251,2.938465511699156,6.877786883038256,17.03908766742566,Switch_to_Public_Transit
10.28347930843457,5.4424471591957015,8.00787090050505,23.73379736813532,Carpool_More
7.373918201121553,2.5136714966010727,13.729571028715982,23.617160726438605,Switch_to_LED_Bulbs
4.034901066526465,8.380472805097504,9.655429383853606,22.07080325547758,Switch_to_LED_Bulbs
6.828302236227018,2.092964319264805,6.086703316918383,15.007969872410206,Switch_to_Public_Transit
5.887403346100272,5.839510677736988,14.000308221789556,25.727222245626816,Switch_to_LED_Bulbs
4.3749386806395485,7.55985508901234,17.901835957838067,29.836629727489957,Install_Smart_Thermostat
11.697764833400248,2.316950602786857,12.207604208867433,26.22231964505454,Carpool_More
1.573952676272623,3.9363601269002197,19.799938899007195,25.31025170218004,Install_Smart_Thermostat
2.1374331435226983,5.9911052276108485,14.272336014771787,22.400874385905333,Switch_to_LED_Bulbs
10.536974558161559,6.477189467895313,5.146562711287755,22.160726737344625,Carpool_More
4.896919623659878,6.141693147077691,6.3179974871725,17.35661025791007,General_Reduction
5.259403968137711,2.2656248703309325,6.178677457325311,13.703706295793955,Switch_to_LED_Bulbs
5.953849143023941,3.061726032344483,13.513112723923372,22.528687899291796,Switch_to_LED_Bulbs
10.341974537058986,8.404693592872663,8.002253663672152,26.7489217936038,General_Reduction
2.512238733886046,2.836542722675202,14.54645374315455,19.8952351997158,Switch_to_LED_Bulbs
10.597135897303517,2.2526891586051363,19.043183693655347,31.893008749564,Install_Smart_Thermostat
0.7795692547720862,6.330370682408564,15.635907791763746,22.745847728944398,Install_Smart_Thermostat
13.064536856191284,7.712695457059422,17.025921246046877,37.803153559297584,Install_Smart_Thermostat
5.091752888142091,8.518600909972097,6.201722695770127,19.812076493884316,Meatless_Monday
13.422249840907915,6.38073900922989,17.259466549437406,37.062455399575214,Install_Smart_Thermostat
6.784774267774502,7.1486215615722,12.896039914041697,26.829435743388398,Switch_to_LED_Bulbs
10.973842826329978,2.6530398562447166,5.905281259858457,19.53216394243315,Carpool_More
3.7065485101521967,3.2763574409055067,18.076753498883026,25.059659449940728,Install_Smart_Thermostat
3.288209810370665,9.806922046553051,10.053436876566604,23.148568733490322,Meatless_Monday
2.731768735330489,8.317588057139833,14.880616632513142,25.929973424983466,Switch_to_LED_Bulbs
7.472935746797084,6.44290840750105,15.788026674083957,29.703870828382094,Install_Smart_Thermostat
3.426821119969481,9.970671328453935,19.62189743220175,33.01938988062517,Install_Smart_Thermostat
9.754885295204053,3.596339607433161,15.20342363646937,28.554648539106584,Install_Smart_Thermostat
1.0829761346876376,2.2452200176464485,8.865243327668205,12.19343948000229,Switch_to_LED_Bulbs
6.939344351089744,8.946180043267045,15.90753604649462,31.79306044085141,Install_Smart_Thermostat
11.140597817999716,5.403946675584603,10.189024888204443,26.73356938178876,Carpool_More
5.56558144476904,9.901196509888463,5.601637871187237,21.06841582584474,Meatless_Monday
13.005472441836728,6.629403268579147,11.579231287843857,31.214106998259734,Carpool_More
10.878864906227047,5.893351531397623,18.10134857122491,34.87356500884958,Install_Smart_Thermostat
13.510527960168877,5.373767414987643,9.152416958525773,28.036712333682292,Carpool_More
8.885254928900434,9.298906764933527,8.159932835084998,26.34409452891896,General_Reduction
9.344498753452243,7.052481760740164,15.996695336229214,32.39367585042162,Install_Smart_Thermostat
1.973515276908897,7.7265997174567085,18.635487809984618,28.335602804350223,Install_Smart_Thermostat
2.6952466330536295,3.900346599391021,19.570926410624594,26.166519643069243,Install_Smart_Thermostat
2.7146542906423465,8.835080746956633,12.384167846720523,23.9339028843195,Switch_to_LED_Bulbs
3.7084661160476555,8.96599921018009,11.679578825039982,24.35404415126773,Switch_to_LED_Bulbs
7.722260308945353,4.8738669551981255,13.89426277152391,26.49039003566739,Switch_to_LED_Bulbs
2.4528580887753417,5.128652293214086,19.541184835029313,27.12269521701874,Install_Smart_Thermostat
3.8720014905169133,7.253893316330338,9.877850963370424,21.003745770217677,Switch_to_LED_Bulbs
11.60209688529901,3.0469892857467986,19.547315676178172,34.19640184722398,Install_Smart_Thermostat
6.806843120754589,3.8884037067717117,6.10245120995019,16.79769803747649,Switch_to_Public_Transit
2.546368576313111,6.158191588448141,10.055047646469294,18.759607811230545,Switch_to_LED_Bulbs
12.433250488239143,5.4471001892944475,8.730714088814448,26.61106476634804,Carpool_More
9.25717479906045,7.6542177350835665,7.505628618514248,24.417021152658265,General_Reduction
2.514288244324765,2.2933714154683438,16.04603022598461,20.85368988577772,Install_Smart_Thermostat
9.957067914327077,5.797047005998511,17.662556734537958,33.41667165486355,Install_Smart_Thermostat
12.085052294250797,6.682834915174017,18.02406920769888,36.79195641712369,Install_Smart_Thermostat
3.0876181505515237,2.895356955181823,9.046244172754843,15.02921927848819,Switch_to_LED_Bulbs
0.8563028413397228,6.249356224008256,19.049085384424423,26.1547444497724,Install_Smart_Thermostat
0.5901531100276447,2.9768793120802144,11.782985424251528,15.350017846359387,Switch_to_LED_Bulbs
14.008125262918574,4.529248839814004,12.608522130325888,31.145896233058465,Carpool_More
0.6235928857558815,3.186745607696711,19.799451844382702,23.609790337835292,Install_Smart_Thermostat
14.476780446540683,2.039519847475277,19.277176781348587,35.79347707536455,Carpool_More
9.586799067232505,8.943346356160177,11.821097834507887,30.35124325790057,General_Reduction
7.733940428688753,5.9107726420553615,15.002963863191566,28.647676933935678,Install_Smart_Thermostat
2.0947688213446938,2.2397887189814236,9.618949123867864,13.95350666419398,Switch_to_LED_Bulbs
10.5702114410497,3.614827616983587,15.10148649987376,29.286525557907048,Install_Smart_Thermostat
14.548680691609057,2.751205726315347,15.089031773376893,32.3889181913013,Carpool_More
6.656253289568567,8.945138035020044,7.657246841710789,23.2586381662994,General_Reduction
10.389389283392468,8.70492231718488,19.16921329211035,38.2635248926877,Install_Smart_Thermostat
10.248720424344688,5.9773981120674184,14.267708603018207,30.493827139430312,Switch_to_LED_Bulbs
13.033574767180774,6.5648779731106375,5.455805895452553,25.054258635743963,Carpool_More
13.964230432604667,7.516214008252489,15.147700786658698,36.62814522751585,Install_Smart_Thermostat
3.2351272859657576,7.271083761861258,10.907966084812378,21.414177132639395,Switch_to_LED_Bulbs
9.768494655622382,2.8527442424639258,14.86767956904554,27.488918467131846,Switch_to_LED_Bulbs
14.991205886559998,2.3856963108844482,19.65761276331976,37.034514960764206,Carpool_More
6.103619410843059,8.966027602698073,16.735782260874103,31.805429274415236,Install_Smart_Thermostat
8.505243914800017,7.907593674010612,18.177733419520216,34.59057100833084,Install_Smart_Thermostat
6.062104824765495,4.61626529250591,15.01390078345377,25.692270900725177,Install_Smart_Thermostat
12.11768912911888,8.098281078212926,16.967204732879516,37.18317494021132,Install_Smart_Thermostat
6.533749722193995,8.542673729400173,6.8031358305591265,21.879559282153295,General_Reduction
8.167336469412744,2.0460692839849726,9.868787448504055,20.08219320190177,Switch_to_Public_Transit
5.496923023070968,5.169381532874043,15.432008100347932,26.098312656292944,Install_Smart_Thermostat
5.828371519055186,5.589548980980245,8.563161963114911,19.981082463150344,Switch_to_LED_Bulbs
5.598776874440102,3.818157018105212,6.097938856526655,15.514872749071968,General_Reduction
9.051728900720668,7.34570238844013,14.292355190144217,30.689786479305017,Switch_to_LED_Bulbs
6.952410657008585,5.0382862414338385,17.95000474357738,29.940701642019803,Install_Smart_Thermostat
7.786226777043271,5.833455021037848,5.384630987096536,19.004312785177653,Switch_to_Public_Transit
5.1187174143923455,5.0415649502868565,10.982341713453508,21.14262407813271,Switch_to_LED_Bulbs
8.702585538409984,6.268820373815028,14.11857639190167,29.089982304126682,Switch_to_LED_Bulbs
11.473248923131925,8.503885909728748,15.771846143397417,35.74898097625809,Install_Smart_Thermostat
14.332855439324021,2.145860661410893,7.9366697852531916,24.415385885988105,Carpool_More
0.1134431246721318,7.179797713236824,18.470458234249804,25.763699072158758,Install_Smart_Thermostat
3.652234448644489,9.416276358370453,5.904010854343412,18.972521661358353,Meatless_Monday
14.016540402082715,4.812981497917075,6.521312426738248,25.35083432673804,Carpool_More
7.288076387794884,4.0542125417640635,9.273093529428841,20.61538245898779,Switch_to_LED_Bulbs
4.609349473894299,8.424207182661307,13.087419150128817,26.120975806684424,Switch_to_LED_Bulbs
4.669615487340055,6.882670266487347,15.742260113347903,27.294545867175305,Install_Smart_Thermostat
4.089360011003007,5.308392812202812,6.828291400054214,16.226044223260033,Switch_to_LED_Bulbs
2.7172402430202047,7.4489428317198625,7.721575215434404,17.88775829017447,Buy_Local_Produce
7.877450755005903,7.672370093779461,6.603153846421158,22.152974695206524,General_Reduction
8.509683294433554,4.05250226961091,19.443903128563697,32.00608869260816,Install_Smart_Thermostat
7.253184700798871,8.447940398201265,13.253398132343927,28.954523231344062,Switch_to_LED_Bulbs
0.6511879928222875,7.065211004752179,19.271050133099855,26.98744913067432,Install_Smart_Thermostat
9.024177302194968,8.553510875414322,18.263096950226117,35.8407851278354,Install_Smart_Thermostat
3.421196579233987,3.696358719265813,14.164714832764876,21.282270131264674,Switch_to_LED_Bulbs
6.165427047100571,8.718890422933763,18.500346850970168,33.3846643210045,Install_Smart_Thermostat
5.301320689540772,3.8949644717958565,16.70788272865793,25.904167889994557,Install_Smart_Thermostat
4.122090533222042,8.580914548109426,11.356073804731443,24.059078886062913,Switch_to_LED_Bulbs
10.013248489372057,2.7642825106773454,14.357889870148595,27.135420870197997,Switch_to_LED_Bulbs
6.7765151810584365,6.692867705403793,7.520213116172951,20.98959600263518,General_Reduction
11.053106174162732,8.902376620345828,8.251097001361636,28.206579795870198,General_Reduction
1.435718332802426,2.189108688370691,14.62957250664899,18.25439952782211,Switch_to_LED_Bulbs
9.106410541331712,6.37357930171256,8.479206441739631,23.959196284783904,General_Reduction
5.86358993858272,6.755810681489384,12.45150288288754,25.070903502959645,Switch_to_LED_Bulbs
14.81678280322331,3.091518020453865,15.427168310713906,33.335469134391076,Carpool_More
6.064781521564382,5.425596919404918,15.763966484872643,27.25434492584194,Install_Smart_Thermostat
10.386542269865545,9.930047949617506,6.925914341811879,27.242504561294933,General_Reduction
1.5616447407624952,7.794710537029929,13.675803755096137,23.03215903288856,Switch_to_LED_Bulbs
4.112409998397088,2.635354951911893,6.2848737439464575,13.03263869425544,Switch_to_LED_Bulbs
13.412863119961774,3.5349385977499432,9.850573431732812,26.798375149444528,Carpool_More
3.3998460334048204,4.8399704466554985,6.0413576411914,14.28117412125172,Switch_to_LED_Bulbs
7.785896863624055,2.540900508737719,17.005347617335424,27.3321449896972,Install_Smart_Thermostat
3.5056812286564956,6.320095316836085,18.20118631342187,28.02696285891445,Install_Smart_Thermostat
9.763160535707913,6.263662292410682,9.865006296730634,25.89182912484923,General_Reduction
4.995028695872969,7.355895641585521,19.91209041831751,32.263014755776,Install_Smart_Thermostat
9.927587847740678,6.462267338960199,15.959757653588692,32.349612840289566,Install_Smart_Thermostat
6.978084184255772,2.4811387408062817,13.434452238168648,22.893675163230704,Switch_to_LED_Bulbs
14.364379267580704,3.402423538861277,15.350073362309987,33.116876168751965,Carpool_More
3.014005329885847,6.28662147578465,6.4501467447007945,15.750773550371292,Switch_to_LED_Bulbs
6.755564043872777,8.049306631161969,10.21357286358473,25.018443538619476,Switch_to_LED_Bulbs
9.97367586730827,8.363599686317833,18.90766729219179,37.24494284581789,Install_Smart_Thermostat
3.519631227831803,5.194527326474465,7.286240199956262,16.00039875426253,Switch_to_LED_Bulbs
14.887252532375628,9.416007743394363,13.099356954208394,37.40261722997839,General_Reduction
12.63049941564632,6.1676638181763375,14.353785320041396,33.15194855386405,Switch_to_LED_Bulbs
1.3368664817402491,8.042163363974463,6.915702254528522,16.294732100243234,Meatless_Monday
12.391014453787927,8.256224701363088,15.631170466144647,36.27840962129566,Install_Smart_Thermostat
0.5424057078714317,4.425026847562629,8.946688548662642,13.914121104096703,Switch_to_LED_Bulbs
5.402046112072786,2.7011419741107083,19.05436734546594,27.157555431649435,Install_Smart_Thermostat
8.307033610685645,4.444194485264188,10.95472275611425,23.705950852064085,Switch_to_LED_Bulbs
6.708038107572535,6.804754666884938,12.735191415447467,26.24798418990494,Switch_to_LED_Bulbs
13.79087959821626,5.975707863246642,19.882370222349692,39.6489576838126,Install_Smart_Thermostat
12.771374366176437,3.6680841148586865,18.958928219658745,35.39838670069387,Install_Smart_Thermostat
1.7454959682821414,8.539597667929533,10.709349402148701,20.994443038360373,Meatless_Monday
13.169614806676043,8.944453520859604,17.088881001764317,39.20294932929997,Install_Smart_Thermostat
11.85045654460592,4.437433112784326,6.213789245768782,22.50167890315903,Carpool_More
6.044702681477422,3.3881961198920694,15.424266333536925,24.857165134906417,Install_Smart_Thermostat
5.191495898066783,9.80488160687932,14.61458116017998,29.610958665126084,Switch_to_LED_Bulbs
12.337208454515414,3.0601973819347874,17.93021723408934,33.327623070539545,Install_Smart_Thermostat
13.841357857700915,5.896495350551487,14.093794066264662,33.83164727451707,Carpool_More
11.472147013544932,3.3987090180833004,12.538491146951635,27.409347178579868,Carpool_More
5.979945416584696,3.170991937297993,10.51301633437297,19.66395368825566,Switch_to_LED_Bulbs
1.0225846407824035,2.206495255595896,7.0274943373223415,10.25657423370064,Switch_to_LED_Bulbs
14.446726673837608,6.396236287160136,19.487332417298298,40.33029537829604,Install_Smart_Thermostat
6.48746817495198,4.494529064682077,12.59212794260366,23.574125182237715,Switch_to_LED_Bulbs
6.592675329493652,2.8453174740939513,14.612394720353093,24.050387523940696,Switch_to_LED_Bulbs
3.240572737643994,6.956703639182637,14.7530163859723,24.95029276279893,Switch_to_LED_Bulbs
2.2803727969297216,2.4907970168853453,16.711423791026597,21.482593604841664,Install_Smart_Thermostat
6.897006356539802,2.4653103640438063,19.922994757546505,29.28531147813011,Install_Smart_Thermostat
0.8667084149454996,7.560281830868425,19.755183878951204,28.18217412476513,Install_Smart_Thermostat
3.587701563238884,3.1379949494975694,6.820774091336434,13.546470604072887,Switch_to_LED_Bulbs
4.549127213513933,2.8083664880851735,15.38242012541198,22.739913827011087,Install_Smart_Thermostat
0.9343769719509404,6.075377025198318,19.95045280779465,26.96020680494391,Install_Smart_Thermostat
12.209554042590282,6.921755505848087,9.593804311799175,28.725113860237546,Carpool_More
9.358437544374578,6.216331711293213,11.391250758355572,26.966020014023364,Switch_to_LED_Bulbs
1.960655651102992,9.092833721923734,11.746769732319837,22.800259105346562,Switch_to_LED_Bulbs
2.919337677311476,4.942074807018317,11.211946287933905,19.0733587722637,Switch_to_LED_Bulbs
12.413068433503115,7.868915044491216,16.539573404620096,36.82155688261443,Install_Smart_Thermostat
0.1654689664297082,5.329231985438092,12.220162274529855,17.714863226397654,Switch_to_LED_Bulbs
0.2878841523458503,4.078505669960274,16.404347346832026,20.77073716913815,Install_Smart_Thermostat
2.056645585934986,6.282481051620733,8.228028080258563,16.567154717814283,Switch_to_LED_Bulbs
0.1818116196583991,3.929611660796332,19.638106323650806,23.749529604105536,Install_Smart_Thermostat
12.023056678244844,9.676613154568267,12.317810658895436,34.01748049170855,General_Reduction
1.6460429801625525,6.383675911789544,11.815660018399413,19.84537891035151,Switch_to_LED_Bulbs
12.665356241094239,2.7846606462739567,12.323617055326672,27.773633942694868,Carpool_More
2.250729970409764,4.59740741512048,16.060356160816994,22.908493546347238,Install_Smart_Thermostat
7.140271940531498,5.007106281166155,10.91714417855053,23.064522400248183,Switch_to_LED_Bulbs
6.8917015260898,8.280132350696455,18.381270334103515,33.55310421088977,Install_Smart_Thermostat
14.330020297558924,8.29522709004236,9.731103436220192,32.35635082382147,Carpool_More
10.322020591298132,5.500824992443135,8.820059330690768,24.642904914432037,Carpool_More
12.61307369138884,2.3074107916986,18.52642988203135,33.446914365118786,Install_Smart_Thermostat
6.922161969371013,7.0976118144662435,14.89030883308674,28.910082616923994,Switch_to_LED_Bulbs
13.426766110598045,7.0933574573376585,14.209003771400926,34.72912733933663,Switch_to_LED_Bulbs
0.9997806084103494,6.147264175561633,7.252535012255625,14.399579796227606,Buy_Local_Produce
11.061506530822284,6.097775366501396,15.2034166881253,32.36269858544898,Install_Smart_Thermostat
0.625093509035764,2.6783361283664258,15.744850820940234,19.048280458342425,Install_Smart_Thermostat
1.0812650399801005,2.570053822122069,5.181627128523312,8.83294599062548,Switch_to_LED_Bulbs
14.347520974492202,7.900066875672056,10.298771127530962,32.54635897769522,Carpool_More
4.448033719314829,4.797625837966796,16.619802967717728,25.86546252499935,Install_Smart_Thermostat
9.920559166056217,3.4815645429397435,7.611640030011265,21.013763739007224,Switch_to_Public_Transit
1.4759347457009597,7.282421757610705,16.46558993332604,25.223946436637704,Install_Smart_Thermostat
3.9756964248750606,2.1675596882473025,6.232575012146411,12.375831125268775,Switch_to_LED_Bulbs
14.517900522675458,4.363558219819362,16.538347217572003,35.419805960066824,Carpool_More
9.369953532813957,5.055517117223167,8.085308932933327,22.51077958297045,Switch_to_Public_Transit
1.8207962723910964,6.920103744310933,16.61950670956682,25.36040672626885,Install_Smart_Thermostat
9.65856380311696,6.2424170659932665,5.629268351474544,21.53024922058477,Switch_to_Public_Transit
14.527331663915756,8.389713533236597,9.39233055051447,32.30937574766683,Carpool_More
14.69955494038276,6.815052717090577,13.736339873108697,35.25094753058203,Carpool_More
11.221097691442981,8.4941583047211,14.84717910997254,34.56243510613662,Switch_to_LED_Bulbs
1.9214361954930004,4.706140047955987,18.92125460489075,25.548830848339737,Install_Smart_Thermostat
3.3692341776577788,4.977336190700107,11.48115324416294,19.827723612520824,Switch_to_LED_Bulbs
6.591074845416783,6.903516659956204,19.146137566170616,32.6407290715436,Install_Smart_Thermostat
3.6103906774875743,2.9720110104073445,7.9620573478990595,14.544459035793977,Switch_to_LED_Bulbs
13.303873503139043,7.166486501241648,9.288601838587402,29.75896184296809,Carpool_More
12.23920408452926,8.890959970907488,17.697715080354172,38.82787913579092,Install_Smart_Thermostat
13.783898004593317,4.017928161386893,16.325628931194174,34.12745509717438,Carpool_More
6.9080924591121,8.735988423120492,15.927360157424198,31.57144103965679,Install_Smart_Thermostat
11.646711697495869,7.249294701448572,7.661431542045603,26.55743794099004,Carpool_More
8.175403783454074,9.877357916196065,19.060820997456783,37.11358269710692,Install_Smart_Thermostat
0.647606036955175,3.318518525835497,6.975931601818429,10.9420561646091,Switch_to_LED_Bulbs
10.889698649779433,8.54228263885556,8.20267049466008,27.634651783295073,General_Reduction
7.587790394277435,8.7256242240896,15.99202317149376,32.30543778986079,Install_Smart_Thermostat
8.133558082377725,6.722781523670183,12.6254082037442,27.481747809792108,Switch_to_LED_Bulbs
4.463226769782309,6.520175942872129,15.33327953075136,26.3166822434058,Install_Smart_Thermostat
13.099843737912115,7.090330831833985,16.41682305564737,36.60699762539347,Install_Smart_Thermostat
2.401074524318595,5.692459795358319,5.1399742974063996,13.233508617083313,Buy_Local_Produce
3.7001829678243454,7.811693720904039,19.87714927024045,31.389025958968837,Install_Smart_Thermostat
1.4876714938082385,5.211954526890306,17.00106453048739,23.700690551185936,Install_Smart_Thermostat
3.0605345194334825,6.44067959441829,15.996069440445122,25.497283554296896,Install_Smart_Thermostat
9.239781753902685,3.504197876923329,10.330768530286091,23.074748161112105,Switch_to_Public_Transit
11.756876767280959,6.433812113056133,5.078444203143691,23.26913308348078,Carpool_More
11.414861400421408,2.2824908395219126,16.18600674096848,29.8833589809118,Install_Smart_Thermostat
3.0372084024785613,9.664587840955042,10.519111269531267,23.22090751296487,Meatless_Monday
4.903974245071186,3.1911044026595574,9.584063232353223,17.679141880083968,Switch_to_LED_Bulbs
13.149761427423009,9.970674701017979,10.524642957602726,33.64507908604371,General_Reduction
6.729159464318139,7.776567505621896,18.292936706976118,32.79866367691615,Install_Smart_Thermostat
8.895665012801762,5.132205585422635,11.189327612729356,25.217198210953754,Switch_to_LED_Bulbs
10.434272197452103,2.0257461088342295,14.29384006189761,26.75385836818394,Switch_to_LED_Bulbs
5.332395156620361,8.353578650216674,6.394859597346983,20.08083340418402,Meatless_Monday
8.823034004225857,5.84778311908899,14.63488288857841,29.305700011893258,Switch_to_LED_Bulbs
0.9728039172445252,6.63987029942505,13.422268819392857,21.034943036062433,Switch_to_LED_Bulbs
8.409901416242564,6.8279013327716385,15.147019058395433,30.384821807409637,Install_Smart_Thermostat
12.074834995211546,4.158565761025715,17.375741152700932,33.60914190893819,Install_Smart_Thermostat
7.473835233951805,2.6164662330746493,5.878263938659688,15.968565405686142,Switch_to_Public_Transit
5.013574780440912,8.27917581689174,15.615214021113736,28.90796461844639,Install_Smart_Thermostat
11.829224470086096,6.138152451532875,11.602984969332358,29.57036189095133,Carpool_More
2.2117879005942593,4.625542028874492,11.510290492608128,18.34762042207688,Switch_to_LED_Bulbs
1.3290064451942585,3.76489562168969,13.973379410956083,19.067281477840034,Switch_to_LED_Bulbs
11.034946713587848,9.986780091143597,18.996699970153365,40.01842677488481,Install_Smart_Thermostat
9.638477993027873,5.369984426352576,14.54266047062349,29.55112289000394,Switch_to_LED_Bulbs
11.78477427120348,2.9466895273870986,11.148573345444323,25.8800371440349,Carpool_More
12.597034284534258,5.070663615464352,13.578084068407797,31.24578196840641,Carpool_More
8.816540412932973,3.475810025069115,10.433531624784326,22.725882062786415,Switch_to_LED_Bulbs
5.017669331128982,2.2095736682565184,5.362876458370328,12.59011945775583,Switch_to_LED_Bulbs
12.475455655136601,4.184566479782499,12.771181493582231,29.43120362850133,Carpool_More
4.480883603831596,9.525433960922724,8.889451382986607,22.895768947740926,Meatless_Monday
6.444852191084026,8.981842003876814,17.62900350187713,33.05569769683797,Install_Smart_Thermostat
2.7915212676941596,8.421146478365683,11.87280330106839,23.085471047128234,Switch_to_LED_Bulbs
7.244533081280328,3.0678397793275503,6.20902270635687,16.52139556696475,Switch_to_Public_Transit
10.919089604606478,5.971689218842398,11.552760539227693,28.443539362676567,Switch_to_LED_Bulbs
10.94262342978595,8.124103191928878,7.383622515040304,26.450349136755133,Carpool_More
9.15337724216462,3.0828326582214842,16.270626290435686,28.50683619082179,Install_Smart_Thermostat
9.854327344007093,9.652916968667665,6.0343702453463175,25.541614558021074,General_Reduction
0.8558208172688148,4.257496597545601,8.92558525603859,14.038902670853005,Switch_to_LED_Bulbs
3.704681986079997,9.250036644168294,8.743192997742591,21.697911627990884,Meatless_Monday
4.079245891929465,8.07518609934371,11.746097636758101,23.900529628031276,Switch_to_LED_Bulbs
11.650658354327717,2.522929260515082,12.313567905100765,26.487155519943563,Carpool_More
0.5042040027492395,2.501225627642836,18.596561800166164,21.60199143055824,Install_Smart_Thermostat
2.0886805667639274,6.259365458201737,11.166434039010598,19.514480063976265,Switch_to_LED_Bulbs
5.21014989388264,9.19866676549818,5.327350951632343,19.736167611013162,Meatless_Monday
9.956845292633837,9.707155473708404,13.402522751927629,33.06652351826987,Switch_to_LED_Bulbs
14.052336930496377,2.41806303428819,11.28189978611242,27.752299750896988,Carpool_More
3.9023668644307676,7.846567719845838,19.7194563574587,31.468390941735308,Install_Smart_Thermostat
3.8479509366637172,7.233396811792596,7.971464491396102,19.052812239852415,Switch_to_LED_Bulbs
8.479953818574149,5.71145989350669,19.580079944473056,33.77149365655389,Install_Smart_Thermostat
9.127909090446998,4.79605097669455,6.711436773319001,20.63539684046055,Switch_to_Public_Transit
2.2687024310240185,3.8025354396098807,8.76449992010447,14.835737790738369,Switch_to_LED_Bulbs
12.759240867617066,6.489782306260199,12.850863670615496,32.09988684449276,Switch_to_LED_Bulbs
1.721533078038262,8.88111754679548,15.842214548127256,26.444865172961,Install_Smart_Thermostat
1.0150254285000238,7.662680777838149,13.15307326013969,21.830779466477864,Switch_to_LED_Bulbs
1.2258801862016737,5.666405132229252,12.270444306950704,19.16272962538163,Switch_to_LED_Bulbs
2.4866181024491363,9.565585176002259,17.74963057220993,29.801833850661325,Install_Smart_Thermostat
10.035335059936624,5.698364488004858,11.176483123767628,26.91018267170911,Switch_to_LED_Bulbs
9.764602007264312,6.363454955255244,5.934096588228284,22.062153550747837,Switch_to_Public_Transit
7.687539731554976,8.451228937862716,11.88859816395437,28.027366833372064,Switch_to_LED_Bulbs
0.7793486633140262,8.290225595072265,8.020456732039616,17.09003099042591,Meatless_Monday
3.8793125233205816,3.317650827458367,9.953225973072463,17.150189323851414,Switch_to_LED_Bulbs
11.351272585329525,6.155086876031499,8.073219112260688,25.57957857362171,Carpool_More
13.167451172280613,9.036654839612233,18.058676375690105,40.26278238758295,Install_Smart_Thermostat
3.5819431707230893,5.609914753447905,19.774844842113126,28.966702766284122,Install_Smart_Thermostat
11.580187144649855,2.2173393698044785,5.978068868907381,19.775595383361715,Carpool_More
6.958970652184991,9.273761646892481,13.080526969290712,29.313259268368185,Switch_to_LED_Bulbs
7.467187620514354,2.8437895996530447,14.85170157086441,25.16267879103181,Switch_to_LED_Bulbs
12.331547409003383,5.043360060060499,16.63417776387991,34.00908523294379,Install_Smart_Thermostat
14.467149808512174,3.6301316730215127,12.84994446792112,30.947225949454804,Carpool_More
4.307069371268633,8.342835352270715,13.663900488217363,26.31380521175671,Switch_to_LED_Bulbs
9.518736263254556,8.383313276927153,10.939557089936823,28.84160663011853,General_Reduction
13.726351026105649,6.26423093796912,7.36932234253022,27.35990430660499,Carpool_More
10.438486772532038,8.346090803506035,9.7514251560129,28.536002732050974,General_Reduction
12.857688854981294,9.249146038126131,9.153567310667134,31.26040220377456,Carpool_More
14.752822090728332,3.1256922243900673,8.03023502603735,25.908749341155747,Carpool_More
2.763372588570392,9.151917680062963,14.814388284874427,26.72967855350778,Switch_to_LED_Bulbs
2.281564248334093,5.522587346946792,14.229470376047031,22.033621971327918,Switch_to_LED_Bulbs
1.2519612748407494,9.05933094725871,17.054053031623027,27.365345253722488,Install_Smart_Thermostat
7.578101603649573,9.737012922073363,11.266414689126496,28.581529214849432,General_Reduction
14.761654785547467,7.3433599904290165,14.520069098809122,36.62508387478561,Carpool_More
2.4893234294367748,9.055422066437153,11.412345318809226,22.957090814683156,Switch_to_LED_Bulbs
2.4335010867371905,2.1008601598060723,13.396335254575739,17.930696501119,Switch_to_LED_Bulbs
7.910994331840145,7.7548289789532685,18.35387079526703,34.01969410606044,Install_Smart_Thermostat
1.1910987696454427,7.851971922722899,7.811179161463733,16.854249853832076,Buy_Local_Produce
12.87265579735746,8.55250811089325,13.111906324783165,34.53707023303387,General_Reduction
10.653641979349672,4.514800905469987,12.06751848399222,27.23596136881188,Switch_to_LED_Bulbs
12.324553465657075,5.674121577385711,10.366973979881628,28.365649022924416,Carpool_More
7.413186708754498,8.625994019497746,10.02812071056309,26.067301438815335,General_Reduction
2.606423897036157,7.696112162646246,17.389673190621227,27.69220925030363,Install_Smart_Thermostat
1.509562177853,3.918992902047558,7.1295798464149085,12.558134926315466,Switch_to_LED_Bulbs
5.2191211737325,5.602807831243301,16.232395054449597,27.054324059425397,Install_Smart_Thermostat
9.767213773225112,6.967428539827449,10.285624199144817,27.020266512197377,General_Reduction
12.621713296271398,5.7702973391853165,19.686574070227316,38.07858470568403,Install_Smart_Thermostat
9.512132074436053,3.010117932516022,15.14266343113151,27.664913438083584,Install_Smart_Thermostat
4.876560231475485,7.490617573488779,6.044617222436086,18.411795027400352,Buy_Local_Produce
2.6232215576393907,8.84589807124629,8.407693355352723,19.876812984238406,Meatless_Monday
12.5556168786441,4.2342087076352835,14.643228650880614,31.43305423716,Switch_to_LED_Bulbs
10.412258602647466,6.1012380251604235,9.57966015045097,26.09315677825886,General_Reduction
3.189665645566442,2.2655148364994098,9.559196018610857,15.014376500676708,Switch_to_LED_Bulbs
9.797441857969245,9.506438547587862,18.068067233945783,37.37194763950289,Install_Smart_Thermostat
11.49097164802954,8.30757874602639,14.97477355213993,34.77332394619586,Switch_to_LED_Bulbs
3.904302863490045,9.257560245646639,15.060984678587511,28.222847787724195,Install_Smart_Thermostat
8.4066094647066,2.8879157537078486,11.705833157096382,23.00035837551083,Switch_to_LED_Bulbs
6.905374068028895,8.91650887618136,13.199723302816826,29.02160624702708,Switch_to_LED_Bulbs
5.706008234556145,9.814402628085276,6.660808899894735,22.181219762536156,Meatless_Monday
6.338226424679169,2.3361974013712423,16.098561811503956,24.772985637554367,Install_Smart_Thermostat
13.771148282987259,4.2402986364039155,17.875125151986815,35.88657207137799,Install_Smart_Thermostat
4.383273456928467,9.286161293151322,16.30942855395176,29.97886330403155,Install_Smart_Thermostat
12.07360165262158,2.144052444803636,19.44215535611039,33.65980945353561,Install_Smart_Thermostat
10.900064881054849,4.4380087630890666,17.440919972882703,32.778993617026615,Install_Smart_Thermostat
4.222817976223949,8.982030716529025,6.688705856179055,19.89355454893203,Meatless_Monday
10.555289661911937,6.325587813159283,6.448017052931612,23.32889452800283,Carpool_More
3.6284074238825847,2.0992322902185183,12.031519481967587,17.75915919606869,Switch_to_LED_Bulbs
4.518978911400006,6.7868598743820705,9.458567115629258,20.764405901411333,Switch_to_LED_Bulbs
4.49878667260477,7.945545589852827,5.722142539675302,18.166474802132896,Buy_Local_Produce
13.543424927879808,8.818110995129452,15.017070248396097,37.37860617140536,Install_Smart_Thermostat
8.898323551610764,9.138419985117217,7.779952692930717,25.8166962296587,General_Reduction
1.1845374328624292,3.916081359276305,16.918674180502855,22.019292972641587,Install_Smart_Thermostat
0.5200540008972498,6.662454680667917,19.93156274286965,27.11407142443482,Install_Smart_Thermostat
12.835441407563092,6.171565512348716,5.954613639299636,24.961620559211447,Carpool_More
12.470602715785647,6.791828065417684,6.723994955893502,25.986425737096834,Carpool_More
1.407859272350343,9.27701455549274,15.038003944071177,25.72287777191426,Install_Smart_Thermostat
12.439301989751334,9.03183120225814,13.576585280724833,35.04771847273431,General_Reduction
7.761695276325619,5.4434192825679215,9.75419881686679,22.95931337576033,Switch_to_LED_Bulbs
6.518939412880677,8.191037245841251,14.028851465226973,28.7388281239489,Switch_to_LED_Bulbs
13.38784934932269,5.547040115033502,14.106343680781311,33.041233145137504,Carpool_More
9.46961329637983,6.733577298450604,15.539506596282745,31.74269719111318,Install_Smart_Thermostat
3.561502025622094,6.098910220366325,6.563372042125215,16.223784288113634,Switch_to_LED_Bulbs
5.767669914672188,5.901336548970115,14.783363893182088,26.452370356824392,Switch_to_LED_Bulbs
14.257965788793053,6.805208532386847,16.153908742648397,37.2170830638283,Install_Smart_Thermostat
7.5939908924280415,7.0728322510106505,6.063983242006602,20.73080638544529,General_Reduction
3.8158737126277047,4.89482474564111,12.087400325097704,20.79809878336652,Switch_to_LED_Bulbs
0.684731182535756,3.1201927804265415,9.152214616869585,12.957138579831883,Switch_to_LED_Bulbs
14.57299036351576,4.650776056824406,12.230615871681238,31.454382292021403,Carpool_More
2.9414656910758943,6.886240568606146,9.210248232739614,19.037954492421655,Switch_to_LED_Bulbs
3.104888676576402,6.1325810275678325,5.082586987406312,14.320056691550548,Buy_Local_Produce
0.11496048973837991,3.752550472814862,5.550820437512317,9.41833140006556,Switch_to_LED_Bulbs
1.6203863119603708,4.710885194710013,17.038785193697194,23.370056700367577,Install_Smart_Thermostat
8.580729650539512,6.101341807651331,9.402332348121824,24.084403806312668,General_Reduction
13.976305791492246,5.176120329897533,6.306391501936572,25.458817623326354,Carpool_More
9.255997741767018,2.9107071478128113,10.17834714202538,22.34505203160521,Switch_to_Public_Transit
7.611179080767133,8.993780197481406,12.40319870510178,29.00815798335032,Switch_to_LED_Bulbs
10.533881490474965,9.942534711992563,6.972336798469724,27.448753000937252,General_Reduction
4.120972882792793,5.156608604781171,11.32742267808247,20.605004165656435,Switch_to_LED_Bulbs
6.165316128983187,9.26088802045244,15.710489667002847,31.136693816438473,Install_Smart_Thermostat
9.118578211360557,4.474981742902257,17.35685576331942,30.95041571758223,Install_Smart_Thermostat
14.325907672274834,8.569586260401813,5.023476577872094,27.91897051054874,Carpool_More
9.546020552751106,2.409083051536806,8.864108305005828,20.81921190929374,Switch_to_Public_Transit
0.8928705052165753,6.830363623595102,15.298848702389101,23.022082831200777,Install_Smart_Thermostat
1.7173145709885769,5.070711064359836,11.843547634333131,18.631573269681546,Switch_to_LED_Bulbs
5.535795326413749,2.9682000038815444,11.284216852812131,19.788212183107426,Switch_to_LED_Bulbs
11.267670717126272,2.5680613162660437,6.202700211228551,20.038432244620864,Carpool_More
5.321569377539763,9.5338056929514,15.02858970084371,29.883964771334874,Install_Smart_Thermostat
10.180049350088472,4.89535992670292,13.904911868128076,28.98032114491947,Switch_to_LED_Bulbs
0.15196776041615068,7.088768371276338,18.69930421364355,25.940040345336037,Install_Smart_Thermostat
9.188602025172287,8.98958874773076,15.859595831991408,34.03778660489446,Install_Smart_Thermostat
1.8083762460553539,9.219626458286733,5.996657665336623,17.02466036967871,Meatless_Monday
8.009512088216457,3.1370969903476613,5.175599160963561,16.32220823952768,Switch_to_Public_Transit
6.3305139019145855,4.36032566123325,12.290007406964046,22.980846970111884,Switch_to_LED_Bulbs
8.657998301018262,2.349912578471579,6.845049426856185,17.852960306346027,Switch_to_Public_Transit
8.37963594675638,4.745338825381266,15.93760231324172,29.062577085379367,Install_Smart_Thermostat
9.784374728879095,8.764834903919255,15.38739240003838,33.93660203283673,Install_Smart_Thermostat
6.448966160852222,7.383732979155459,9.130717613831278,22.963416753838956,General_Reduction
4.59470248167319,8.311881279366347,11.696292746023733,24.60287650706327,Switch_to_LED_Bulbs
11.975705107775287,8.579378989346228,17.86343506491926,38.41851916204077,Install_Smart_Thermostat
13.74952853761811,5.44788176410637,9.783002274817083,28.980412576541564,Carpool_More
8.732981198911707,4.969379387501021,14.016112502003494,27.71847308841622,Switch_to_LED_Bulbs
10.58378793965737,7.507240147937095,10.61829330530182,28.709321392896285,General_Reduction
2.5029030254812925,5.44423470769766,7.138912161228631,15.086049894407584,Switch_to_LED_Bulbs
13.351455527757125,4.767019685902859,7.316896208349856,25.43537142200984,Carpool_More
0.38171639858626316,7.166579090291874,14.55353476182115,22.101830250699287,Switch_to_LED_Bulbs
5.109062498719375,2.573695110781208,11.144433423428481,18.827191032929065,Switch_to_LED_Bulbs
4.668262425950903,7.416965117880075,14.086688741790356,26.171916285621336,Switch_to_LED_Bulbs
5.4689059229631,3.743140434039921,19.82053949233388,29.0325858493369,Install_Smart_Thermostat
6.810024317941723,7.506193886241896,7.108294513675411,21.42451271785903,General_Reduction
7.283845494890967,2.220293758955724,12.58182676865675,22.08596602250344,Switch_to_LED_Bulbs
14.460261106765536,5.073653703886402,5.584940188623674,25.11885499927561,Carpool_More
0.46433686379015293,5.103894079574956,7.400374046947911,12.968604990313018,Switch_to_LED_Bulbs
0.3502814449227887,8.049708911601414,11.87784513322836,20.27783548975256,Switch_to_LED_Bulbs
4.338671579589818,9.200665464131845,6.742084403007884,20.281421446729546,Meatless_Monday
14.338782434329788,4.511733739018823,18.32605508463022,37.17657125797883,Install_Smart_Thermostat
9.044143147191923,8.6136588779319,19.760197448156966,37.41799947328079,Install_Smart_Thermostat
4.326081567281186,9.689083883260743,10.842228423536305,24.857393874078234,Switch_to_LED_Bulbs
5.782678571053835,4.7230968340360455,13.121114110213778,23.62688951530366,Switch_to_LED_Bulbs
2.3121756476773063,6.429691882864089,13.12557218615006,21.867439716691457,Switch_to_LED_Bulbs
11.42852718907305,8.669199695500684,11.60662025468636,31.704347139260094,General_Reduction
4.534998740272406,4.074679178536756,7.919357550573078,16.52903546938224,Switch_to_LED_Bulbs
0.8647137329853732,4.739583830677707,9.053715381961748,14.658012945624828,Switch_to_LED_Bulbs
14.49626078799611,6.461670610000351,10.209155585457612,31.167086983454073,Carpool_More
8.70701401490544,3.113573610765564,11.660656238033043,23.481243863704044,Switch_to_LED_Bulbs
9.393514821315957,5.911182654339611,11.026682009814863,26.331379485470432,Switch_to_LED_Bulbs
14.907725833495473,9.042518097191415,14.351089372391602,38.30133330307849,General_Reduction
8.540660417734241,6.965283838596672,8.019681617336499,23.525625873667412,General_Reduction
5.927066148964779,2.3156762631271945,12.1331905623024,20.375932974394374,Switch_to_LED_Bulbs
8.145368759364947,3.8219978888256767,19.460432707482706,31.42779935567333,Install_Smart_Thermostat
13.64181916405863,7.777145883647247,13.000799431480438,34.41976447918631,General_Reduction
13.049537394715275,3.0452187505877033,16.857646914123276,32.95240305942625,Install_Smart_Thermostat
1.8723122095027245,8.353685300395243,9.136513523770354,19.362511033668323,Meatless_Monday
13.156358715272834,9.552336750603182,7.231939541076734,29.94063500695275,Carpool_More
6.940134075980903,9.84789902530148,12.251111539597199,29.039144640879584,Switch_to_LED_Bulbs
12.953212837718176,6.709852177050559,10.629948618794028,30.29301363356276,Carpool_More
4.286753332888053,3.625784728688698,16.42697287066546,24.33951093224221,Install_Smart_Thermostat
5.798107602345418,6.090203697606009,12.384882200017728,24.273193499969153,Switch_to_LED_Bulbs
8.65918543849697,8.924617164996418,19.711090153751442,37.29489275724483,Install_Smart_Thermostat
6.113763128607254,8.620151376850425,16.467916919820766,31.201831425278446,Install_Smart_Thermostat
8.602934271833599,9.648377148895465,8.00711773292604,26.258429153655104,General_Reduction
1.6389631546443213,8.831695735643377,11.587247249506223,22.05790613979392,Meatless_Monday
12.704532813105907,9.144721641563319,5.936863904286072,27.786118358955296,Carpool_More
13.251971444790911,5.5865524429553775,12.656487335063483,31.495011222809772,Carpool_More
9.398887666398153,9.411060853840695,5.286741416446461,24.09668993668531,General_Reduction
7.1526520247672565,7.501776339444485,15.840604365473427,30.49503272968517,Install_Smart_Thermostat
10.38798647305662,3.075481035264975,9.490933825575219,22.95440133389681,Carpool_More
5.380732881255202,8.43549766143604,9.181398086218294,22.99762862890954,General_Reduction
3.1605744580080475,9.65958415230477,5.132949276702034,17.953107887014852,Meatless_Monday
14.967312835229674,7.414570390859165,17.427039491736757,39.808922717825595,Install_Smart_Thermostat
4.4192909451928974,2.11452222133648,16.06804277842295,22.601855944952327,Install_Smart_Thermostat
12.512168955010136,7.923809055628153,7.142754309512579,27.578732320150866,Carpool_More
11.301418833854536,8.151382256861128,14.878107735050824,34.330908825766485,Switch_to_LED_Bulbs
11.491738991933794,8.767371517421857,14.204061713561876,34.46317222291753,Switch_to_LED_Bulbs
1.329070709545186,5.901022477337687,6.164740020074076,13.39483320695695,Buy_Local_Produce
6.113145465486463,5.256851913005021,5.990147662103624,17.360145040595107,General_Reduction
5.23230800954219,2.8879847903305187,17.123528150138334,25.24382095001104,Install_Smart_Thermostat
14.215320389467061,2.578531802063509,19.326728109375523,36.12058030090609,Install_Smart_Thermostat
7.838648990051177,4.396525423630991,6.152931129142453,18.388105542824622,Switch_to_Public_Transit
7.5093640210562675,8.356124355925989,15.606297159000473,31.47178553598273,Install_Smart_Thermostat
0.7533901719596064,2.583214682943228,11.043099239489557,14.379704094392391,Switch_to_LED_Bulbs
4.429357410719149,3.8590745844483827,9.215067483630705,17.503499478798236,Switch_to_LED_Bulbs
12.05224114945327,9.43382442905483,11.076540417913495,32.562605996421595,General_Reduction
13.591665031987455,4.571965609983056,12.146554795156874,30.310185437127384,Carpool_More
3.3904349672399956,7.123808337406752,19.68471672762213,30.19896003226888,Install_Smart_Thermostat
9.05239644065068,4.862512672908391,14.717261689857926,28.632170803416997,Switch_to_LED_Bulbs
1.8438101769808135,9.109272642123189,12.546259261697546,23.499342080801547,Switch_to_LED_Bulbs
6.740246130594631,6.6869183076281535,14.371757941841036,27.79892238006382,Switch_to_LED_Bulbs
1.0766370933976954,7.460937769787219,8.628975204732944,17.16655006791786,Buy_Local_Produce
10.709289487598847,8.580278355073574,17.059377613287804,36.34894545596022,Install_Smart_Thermostat
8.287514511118337,6.161359138486009,7.143139420091176,21.592013069695522,General_Reduction
11.630192256047033,4.171275043573715,12.450431342269198,28.251898641889944,Carpool_More
4.264111393912751,3.070626903997545,14.443365453376048,21.778103751286345,Switch_to_LED_Bulbs
0.8149805223435574,7.9891618730096,9.763801928916749,18.567944324269906,Buy_Local_Produce
0.002020395067279801,6.089033113897838,5.702778627914046,11.793832136879164,Buy_Local_Produce
4.142543367313492,7.655811899645729,5.940344324327988,17.738699591287208,Buy_Local_Produce
12.590077385340035,2.030559381268665,8.702358038028533,23.322994804637233,Carpool_More
11.113560842281071,4.530161197834454,6.528385820990203,22.17210786110573,Carpool_More
5.403508782006418,4.163146291076204,17.640678532408323,27.207333605490945,Install_Smart_Thermostat
4.700218763777147,8.311459774208057,18.378082172161022,31.389760710146227,Install_Smart_Thermostat
6.507261293647943,9.279545150835137,10.659770809447892,26.446577253930972,Switch_to_LED_Bulbs
14.461176247351622,2.7143161962045834,15.305288997548642,32.480781441104845,Carpool_More
7.40721060685393,5.1011904436451765,14.490678181229013,26.999079231728118,Switch_to_LED_Bulbs
10.557856374514968,2.0349061572024727,7.50429633120798,20.097058862925422,Carpool_More
10.69569075951478,7.331083308625652,19.490712576930157,37.51748664507059,Install_Smart_Thermostat
11.415566853761746,9.606181661850705,15.538107523022104,36.55985603863456,Install_Smart_Thermostat
4.470783129591648,2.842919378006852,16.72735795017403,24.04106045777253,Install_Smart_Thermostat
9.66223832213874,2.38548809914637,10.400756988514676,22.448483409799785,Switch_to_Public_Transit
14.351997232264292,6.00320916568161,11.49093704029557,31.846143438241473,Carpool_More
6.8654940773894095,3.67106179204131,10.530607562971928,21.067163432402648,Switch_to_LED_Bulbs
5.547198839807649,2.418840161499779,16.513514427768776,24.479553429076205,Install_Smart_Thermostat
6.247566478558185,8.577439094531385,17.755220016798432,32.580225589888,Install_Smart_Thermostat
3.179910820479871,7.2588278573610285,12.084227062444725,22.522965740285624,Switch_to_LED_Bulbs
13.202351068822276,3.725925433411633,15.167198004650663,32.09547450688457,Carpool_More
9.116281833790838,4.362411820574662,7.049013554767589,20.52770720913309,Switch_to_Public_Transit
9.774596407159148,7.9087796650586455,9.734410156450249,27.417786228668042,General_Reduction
9.672489060334707,5.161047260892026,15.698103249239265,30.531639570465998,Install_Smart_Thermostat
2.9882291234107967,9.121720021089395,9.311143946983696,21.42109309148389,Meatless_Monday
5.5167898163422935,2.4647356166427983,6.672683184819146,14.654208617804237,Switch_to_LED_Bulbs
7.737928540684922,4.140741413823772,17.532203386132913,29.410873340641608,Install_Smart_Thermostat
0.22040082982430764,5.0327523893754895,10.06018320153639,15.313336420736187,Switch_to_LED_Bulbs
0.28991446376401553,2.9949471920040818,11.20464012377953,14.489501779547627,Switch_to_LED_Bulbs
7.392968766711699,5.234317978038953,12.964065176181407,25.59135192093206,Switch_to_LED_Bulbs
8.926975123585223,2.079390569022685,11.961427391802559,22.967793084410467,Switch_to_LED_Bulbs
14.452488613313825,6.15225824103639,15.163134011884297,35.76788086623451,Carpool_More
4.677957868753248,8.1919310252221,16.593822228141725,29.463711122117076,Install_Smart_Thermostat
7.819440714812084,9.80811058623371,6.883253221439801,24.510804522485596,Meatless_Monday
0.2542149733437149,8.161265694056768,17.107333060473238,25.522813727873718,Install_Smart_Thermostat
1.8031084368086436,4.124662663668849,5.263285450499434,11.191056550976926,Switch_to_LED_Bulbs
4.399629161708471,8.185134991349372,12.769407915688685,25.35417206874653,Switch_to_LED_Bulbs
5.221433897524321,4.973914359250642,5.020304385732023,15.215652642506985,General_Reduction
4.497007913478538,7.171669933103444,19.612916657245357,31.28159450382734,Install_Smart_Thermostat
12.705912404758493,2.188759717164233,18.478409070122588,33.37308119204531,Install_Smart_Thermostat
11.747976199479389,8.243008988567844,11.869936385053572,31.860921573100804,General_Reduction
5.970079394317542,4.423325830665541,5.985422884315486,16.37882810929857,General_Reduction
3.423530452405487,3.972829079824197,12.261156045653024,19.65751557788271,Switch_to_LED_Bulbs
11.21166609895041,5.790478627183573,5.867666741707409,22.869811467841394,Carpool_More
14.366847014823058,9.541794552752897,16.777843147226125,40.68648471480208,Install_Smart_Thermostat
14.869918523463308,6.355858662402103,19.44152525379809,40.6673024396635,Install_Smart_Thermostat
1.1340756092512616,4.9254459860909705,8.380719020101488,14.44024061544372,Switch_to_LED_Bulbs
2.9374962620140503,3.1264235911414087,14.33620462348995,20.40012447664541,Switch_to_LED_Bulbs
11.719827836209577,6.626387195362885,7.204440643823145,25.550655675395607,Carpool_More
12.166856549002064,7.087637657309828,10.822485591904933,30.076979798216826,Carpool_More
10.111954433040944,4.079239833942663,10.177883127413157,24.369077394396765,Carpool_More
13.762287646979853,4.324036045371363,12.049824022369048,30.136147714720263,Carpool_More
13.35211706094022,7.66177080214022,5.933048392470541,26.94693625555098,Carpool_More
2.2095456641845552,2.0627327261753345,14.463826853437451,18.73610524379734,Switch_to_LED_Bulbs
6.715101381156275,3.0741988072182043,19.369011815851557,29.158312004226037,Install_Smart_Thermostat
7.944895859184299,3.9351463529031134,12.509053567320613,24.389095779408024,Switch_to_LED_Bulbs
10.194304991026616,2.609913743788516,9.120557225718379,21.92477596053351,Carpool_More
12.104482363259905,5.67731896322129,13.198657130484424,30.980458456965618,Switch_to_LED_Bulbs
6.492240033142039,2.351199541144041,7.486246697302339,16.329686271588418,Switch_to_LED_Bulbs
6.6831245811283635,3.6734837232634225,5.749685429895181,16.106293734286968,Switch_to_Public_Transit
12.654744960777355,9.849540233312926,16.89714310995109,39.401428304041374,Install_Smart_Thermostat
12.806773825570005,3.935817042536363,19.409404632697996,36.15199550080436,Install_Smart_Thermostat
2.953885566801426,9.611438482894659,19.922289409489267,32.487613459185354,Install_Smart_Thermostat
10.67584208619073,9.849149854334575,13.543096693506556,34.06808863403186,General_Reduction
3.893126747641355,5.495967085324967,13.90341403068179,23.29250786364811,Switch_to_LED_Bulbs
1.096223430405225,6.978746116937969,19.717667551434417,27.79263709877761,Install_Smart_Thermostat
2.8516147467559145,8.340760930307066,18.618481906694292,29.810857583757272,Install_Smart_Thermostat
14.155523892303313,9.681084835243578,12.821894580822079,36.658503308368964,General_Reduction
14.659618619872555,8.058481657075511,7.425071543554429,30.143171820502495,Carpool_More
7.15350159701955,7.746649402976032,8.710104737286251,23.610255737281832,General_Reduction
9.609227753233311,7.332803832372954,7.440496157128488,24.382527742734755,General_Reduction
8.476279686791344,8.17301528782886,12.483434968039129,29.13272994265933,Switch_to_LED_Bulbs
0.18154675164161138,2.0723077526343374,10.355440159550183,12.60929466382613,Switch_to_LED_Bulbs
13.89291102647673,3.82941423682887,14.515455333075307,32.23778059638091,Carpool_More
3.331138060399809,4.573359917276389,17.72063134402226,25.625129321698456,Install_Smart_Thermostat
10.932921634049203,2.763194218505685,11.430530314796504,25.126646167351392,Carpool_More
0.437546454678967,5.847121172824072,14.936510175516021,21.22117780301906,Switch_to_LED_Bulbs
1.7775393539722733,4.311079511273325,10.967549382532354,17.056168247777954,Switch_to_LED_Bulbs
13.792965369840747,9.946040123383712,5.673669484934238,29.412674978158698,Carpool_More
11.415118852430881,4.973792531218746,10.886872793442201,27.27578417709183,Carpool_More
11.31397460020534,9.347411457163268,19.263928917538227,39.92531497490684,Install_Smart_Thermostat
8.656838790574811,4.8569692744040225,16.813236287881686,30.32704435286052,Install_Smart_Thermostat
3.765020748934504,6.512592230668142,10.378676922873098,20.65628990247574,Switch_to_LED_Bulbs
9.849466105618141,3.923191303148055,7.873894186022387,21.646551594788583,Switch_to_Public_Transit
13.773586300131557,2.814429463596295,12.589368616023975,29.177384379751828,Carpool_More
3.312791744445134,2.3114397066053396,5.540282274371396,11.16451372542187,Switch_to_LED_Bulbs
2.62832658158741,8.934162836048003,9.2371811596554,20.79967057729081,Meatless_Monday
14.256887558629435,6.652978343913548,11.549212846531491,32.45907874907447,Carpool_More
8.701332520041818,6.133587081810142,16.381643806359875,31.216563408211837,Install_Smart_Thermostat
4.237440989592784,4.824403132802419,18.41141453799876,27.473258660393963,Install_Smart_Thermostat
14.196847697256082,9.140465819891796,11.291719909359703,34.629033426507576,Carpool_More
11.705482545103225,5.81068586640879,12.463097782191532,29.97926619370355,Switch_to_LED_Bulbs
3.0702016358592594,6.729042426068132,7.79203846630022,17.59128252822761,Switch_to_LED_Bulbs
4.973470486007907,8.840241612959481,8.106137138162829,21.919849237130215,Meatless_Monday
1.067374277601492,2.5520607409025304,19.11176780754662,22.73120282605064,Install_Smart_Thermostat
7.603806569427519,5.275296574536147,17.163178715118775,30.04228185908244,Install_Smart_Thermostat
12.53738891865774,4.657528264924837,15.404270862106928,32.5991880456895,Install_Smart_Thermostat
11.5668422377783,7.237205494927636,7.273926122001491,26.077973854707427,Carpool_More
13.138246252755856,6.31275642188807,9.237086395550055,28.68808907019398,Carpool_More
6.378422781565408,2.300568723191259,6.918002018336264,15.59699352309293,Switch_to_Public_Transit
11.483201257737912,2.000093078042929,11.248487427234384,24.731781763015224,Carpool_More
7.837652716283826,2.4370753600077784,19.596172444584994,29.8709005208766,Install_Smart_Thermostat
3.391879968745079,4.433589757090247,9.55913768382541,17.384607409660738,Switch_to_LED_Bulbs
3.4562499317602486,2.0117905766904913,15.940171911319945,21.408212419770685,Install_Smart_Thermostat
14.50268249698928,3.7943478662803605,14.945707877051337,33.242738240320975,Carpool_More
11.128444904380727,8.787403032724198,11.339437955204136,31.25528589230906,General_Reduction
4.543963584606439,4.602361072184249,15.689319996477693,24.835644653268382,Install_Smart_Thermostat
12.25169199758454,3.4529117420528213,10.564115122366477,26.268718862003837,Carpool_More
13.52910295123725,8.453548157557915,19.772876041437137,41.755527150232304,Install_Smart_Thermostat
11.313723895231211,5.145561608223378,13.859567509919566,30.318853013374152,Switch_to_LED_Bulbs
9.915213813709805,2.6276465305369916,13.167454386557976,25.710314730804775,Switch_to_LED_Bulbs
10.639812427089144,3.338570432008483,16.70947576138336,30.687858620480988,Install_Smart_Thermostat
8.756591707711674,9.617774285580758,5.636334473103376,24.010700466395807,Meatless_Monday
3.9798920633320045,6.8124310343985925,9.44839868308896,20.240721780819555,Switch_to_LED_Bulbs
10.716362461068632,8.072042260175447,6.537739460997116,25.326144182241194,Carpool_More
7.707816963101516,6.071124444728447,10.539211553233116,24.318152961063078,Switch_to_LED_Bulbs
13.993872938545081,8.62005055898577,15.458140728644551,38.0720642261754,Install_Smart_Thermostat
10.714899536024964,5.693729150504953,18.814917816448638,35.22354650297855,Install_Smart_Thermostat
10.418931408799281,7.8318484932465315,17.92536355681018,36.17614345885599,Install_Smart_Thermostat
4.111073840132865,8.456567230933624,7.928609044347381,20.496250115413872,Meatless_Monday
5.180129283673318,4.684883634158742,19.677882025837107,29.542894943669168,Install_Smart_Thermostat
12.848058356218903,7.609358892722078,15.905851424230852,36.36326867317183,Install_Smart_Thermostat
8.431091916038566,9.576725336868153,12.443881293235423,30.45169854614214,Switch_to_LED_Bulbs
5.707765648048418,3.304282695452728,16.79308478391587,25.805133127417015,Install_Smart_Thermostat
11.016658981133872,5.074840308193079,5.37790120938844,21.46940049871539,Carpool_More
12.584959915770161,2.091343867632589,15.555496694435764,30.231800477838515,Carpool_More
14.553856645890855,5.501290625185628,8.52460107493929,28.579748346015773,Carpool_More
10.573065150650725,8.537025136124681,13.19645474116771,32.306545027943116,Switch_to_LED_Bulbs
14.505529128842193,2.413349773263689,12.571933974567923,29.490812876673804,Carpool_More
10.776809209838252,8.901123769193433,7.688834178616851,27.366767157648535,General_Reduction
12.000052226455221,6.421656605748362,10.94830522984945,29.370014062053034,Carpool_More
1.9757254286864034,8.922366071271298,7.35909812269573,18.25718962265343,Meatless_Monday
4.646817888136488,4.320364255699495,18.071210512862812,27.038392656698797,Install_Smart_Thermostat
